[{"model": "accounts.user", "pk": 1, "fields": {"password": "pbkdf2_sha256$260000$O3kBTsmGFjncxDN7dPoF1y$KDxjg6JXRQ+x0XWo52BlPHggfvp9tP5iMX9g/K9m4BM=", "last_login": "2023-01-30T00:37:05.892", "is_superuser": false, "username": "qotkdwns1324", "first_name": "", "last_name": "", "is_staff": false, "is_active": true, "date_joined": "2023-01-19T06:31:42.520", "email": "qotkdwns1324@naver.com", "phone_number": "", "profileImg": "", "nickname": "BaeSangJun", "age": 29, "naver": "", "kakao": "", "google": "", "groups": [], "user_permissions": []}}, {"model": "accounts.user", "pk": 2, "fields": {"password": "pbkdf2_sha256$260000$OC6JdrzWN0Cd4sdGzqA3Xd$jN+zFRu8a2AGRkAE0h03L32I8vEqCH76wKyXSGRVIuE=", "last_login": "2023-01-19T08:47:33.180", "is_superuser": true, "username": "admin", "first_name": "", "last_name": "", "is_staff": true, "is_active": true, "date_joined": "2023-01-19T08:14:33.979", "email": "admin@admin.com", "phone_number": "", "profileImg": "", "nickname": "", "age": null, "naver": null, "kakao": null, "google": null, "groups": [], "user_permissions": []}}, {"model": "accounts.user", "pk": 5, "fields": {"password": "pbkdf2_sha256$260000$4B4VtjUYG5RYO6SS9S0Pqm$Y8avpBHVU+wxf3YI1WR6vspg8xF/zspoGh1gZeJ2UIE=", "last_login": "2023-01-25T08:50:00.598", "is_superuser": false, "username": "luminaries", "first_name": "", "last_name": "", "is_staff": false, "is_active": true, "date_joined": "2023-01-20T00:28:12.827", "email": "luminaries1@naver.com", "phone_number": "", "profileImg": "", "nickname": "luminaries", "age": 31, "naver": "", "kakao": "", "google": "", "groups": [], "user_permissions": []}}, {"model": "accounts.user", "pk": 15, "fields": {"password": "pbkdf2_sha256$260000$mVVabN6ZBDIHFyHlorrJhD$Ct7lZwWv6dJntC3DTgL5qw0Gi0ykeTAlSy5Pku1BIHY=", "last_login": "2023-01-25T05:04:50.369", "is_superuser": false, "username": "fghmfgm234", "first_name": "", "last_name": "", "is_staff": false, "is_active": true, "date_joined": "2023-01-24T06:01:00.185", "email": "foundme0608@kakao.com", "phone_number": "", "profileImg": "", "nickname": "tyrujityu567", "age": 20, "naver": "", "kakao": "", "google": "", "groups": [], "user_permissions": []}}, {"model": "accounts.user", "pk": 16, "fields": {"password": "pbkdf2_sha256$260000$LxFDAPeDVM2QDHe3ts1u8O$g5WY9z7hZBh8GljFsyV5AXFzKJYapl0P+KTj7rdp4Hc=", "last_login": "2023-01-25T06:19:22.065", "is_superuser": false, "username": "a", "first_name": "", "last_name": "", "is_staff": false, "is_active": true, "date_joined": "2023-01-25T06:19:21.814", "email": "a@a.com", "phone_number": "", "profileImg": "default_image.jpg", "nickname": "123", "age": null, "naver": "", "kakao": "", "google": "", "groups": [], "user_permissions": []}}, {"model": "accounts.user", "pk": 17, "fields": {"password": "pbkdf2_sha256$260000$dgOzuOAd2yKJDnDAq6tc65$/plKFrFSt22DP37TiiX0LXvTZJUh3FMeZL4dOt9a4Fs=", "last_login": "2023-01-29T04:52:46.990", "is_superuser": false, "username": "b", "first_name": "", "last_name": "", "is_staff": false, "is_active": true, "date_joined": "2023-01-25T06:20:25.267", "email": "b@b.com", "phone_number": "", "profileImg": "default_image.jpg", "nickname": "123", "age": null, "naver": "", "kakao": "", "google": "", "groups": [], "user_permissions": []}}, {"model": "accounts.user", "pk": 18, "fields": {"password": "pbkdf2_sha256$260000$rmylNlNwDM4cr4Ri8Y6eeq$VYUcWgfliGK61g2EicdgumqW6KUVNbid+1xxT/Wny30=", "last_login": "2023-01-30T00:44:23.344", "is_superuser": false, "username": "test1234", "first_name": "", "last_name": "", "is_staff": false, "is_active": true, "date_joined": "2023-01-25T08:51:49.862", "email": "test1234@naver.com", "phone_number": "", "profileImg": "default_image.jpg", "nickname": "test_person", "age": 29, "naver": "", "kakao": "", "google": "", "groups": [], "user_permissions": []}}, {"model": "accounts.user", "pk": 19, "fields": {"password": "pbkdf2_sha256$260000$4D1rwLoJiahwCZQsB2fknK$q6JdC55KYDoTncMmHc8c37Slc2xgnuVarVlD5IK246w=", "last_login": "2023-01-25T08:53:29.812", "is_superuser": false, "username": "최예린", "first_name": "", "last_name": "", "is_staff": false, "is_active": true, "date_joined": "2023-01-25T08:53:29.469", "email": "qsc130@naver.com", "phone_number": "", "profileImg": "profile_image/accounts/2023/01/다운로드.jpg", "nickname": "예구", "age": 20, "naver": "", "kakao": "", "google": "", "groups": [], "user_permissions": []}}, {"model": "accounts.user", "pk": 21, "fields": {"password": "pbkdf2_sha256$260000$nBfXNrko8IQW65bd3hMJh4$mr0PYOvNiYanbbcqG3GxJyTY5eEOH9tAs6JW48DHwn0=", "last_login": "2023-01-25T13:06:16.163", "is_superuser": false, "username": "gg", "first_name": "", "last_name": "", "is_staff": false, "is_active": true, "date_joined": "2023-01-25T13:06:05.139", "email": "luminaries1@gmail.com", "phone_number": "", "profileImg": "profile_image/accounts/2023/01/20221110_210204562.jpg", "nickname": "ㅠㅠ", "age": 20, "naver": "", "kakao": "", "google": "", "groups": [], "user_permissions": []}}, {"model": "accounts.user", "pk": 24, "fields": {"password": "pbkdf2_sha256$260000$TXTM8HfBT5w9xn3GStZ5SX$RFM+mJ1BXegTbQUH45Qayu4ffyTq6PqJN6o+8ZYjLOM=", "last_login": "2023-01-26T03:49:58.520", "is_superuser": false, "username": "qqqqq", "first_name": "", "last_name": "", "is_staff": false, "is_active": true, "date_joined": "2023-01-26T03:48:49.819", "email": "tkdwns1324@gmail.com", "phone_number": "", "profileImg": "default_image.jpg", "nickname": "qqqqqq", "age": 10, "naver": "", "kakao": "", "google": "", "groups": [], "user_permissions": []}}, {"model": "accounts.user", "pk": 25, "fields": {"password": "pbkdf2_sha256$260000$QtcBYtJSGHhff0Vb2OZ5Fa$VpiO76aeqvOMCiMXxb2Mo0y/YXjrH5toI+8TsrASvTM=", "last_login": "2023-01-28T12:43:45.737", "is_superuser": false, "username": "luminaries1", "first_name": "", "last_name": "", "is_staff": false, "is_active": true, "date_joined": "2023-01-27T07:05:28.494", "email": "luminaries1@kog.co.kr", "phone_number": "", "profileImg": "default_image.jpg", "nickname": "luminaries", "age": 29, "naver": "", "kakao": "", "google": "", "groups": [], "user_permissions": []}}, {"model": "accounts.user", "pk": 26, "fields": {"password": "pbkdf2_sha256$260000$hn1zS4JSDck2561ptaeKQ2$6xwuD248WBReSZh+bd/Go8FGYKhROHNNIK5OU6Yslg0=", "last_login": "2023-01-28T08:54:20.837", "is_superuser": false, "username": "테스트", "first_name": "", "last_name": "", "is_staff": false, "is_active": true, "date_joined": "2023-01-28T08:54:20.556", "email": "bigyoung8375@naver.com", "phone_number": "", "profileImg": "profile_image/accounts/2023/01/FB_IMG_1670584961016.jpg", "nickname": "테스트", "age": 20, "naver": "", "kakao": "", "google": "", "groups": [], "user_permissions": []}}, {"model": "accounts.emailvalidatemodel", "pk": 216, "fields": {"email": "foundme0608@gmai.com", "validateNumber": "890859"}}, {"model": "community.travel", "pk": 1, "fields": {"userId": 1, "location": ["서울", "제주"], "startDate": "2023-01-05T10:55:32", "endDate": "2023-01-07T09:40:22"}}, {"model": "community.travel", "pk": 2, "fields": {"userId": 1, "location": ["서울", "경북·대구"], "startDate": "2023-01-05T10:55:32", "endDate": "2023-01-07T09:40:22"}}, {"model": "community.travel", "pk": 3, "fields": {"userId": 1, "location": ["전남·광주"], "startDate": "2023-01-05T10:55:32", "endDate": "2023-01-06T09:40:22"}}, {"model": "community.travel", "pk": 4, "fields": {"userId": 1, "location": ["충남·대전"], "startDate": "2023-01-05T10:55:32", "endDate": "2023-01-06T09:40:22"}}, {"model": "community.travel", "pk": 5, "fields": {"userId": 1, "location": ["강원"], "startDate": "2023-01-05T10:55:32", "endDate": "2023-01-06T09:40:22"}}, {"model": "community.board", "pk": 5, "fields": {"userId": 1, "writeDate": "2023-01-27T07:18:20.420", "theme": "혼자", "title": "서울 제주여행", "content": "경로 테스트 여행 사진", "imageList": ["https://market.jeju.kr/res/images/sub9_map.jpg"], "travel": 1, "likeList": [1, 2, 5]}}, {"model": "community.board", "pk": 6, "fields": {"userId": 1, "writeDate": "2023-01-26T03:19:47.883", "theme": "혼자", "title": "제주도 여행일지", "content": "제주제주", "imageList": ["https://dynamic-media-cdn.tripadvisor.com/media/photo-o/12/72/89/8a/20180323-125613-largejpg.jpg?w=300&h=300&s=1"], "travel": 2, "likeList": []}}, {"model": "community.board", "pk": 7, "fields": {"userId": 21, "writeDate": "2023-01-25T03:19:51.149", "theme": "혼자", "title": "강원도 투어", "content": "잘갔다올게요", "imageList": ["https://youimg1.tripcdn.com/target/100f1f000001gq90a8E91_C_640_320_R5_Q70.jpg_.webp?proc=source%2Ftrip"], "travel": 3, "likeList": []}}, {"model": "community.board", "pk": 8, "fields": {"userId": 19, "writeDate": "2023-01-27T03:20:00.433", "theme": "혼자", "title": "구미 금오산 투어", "content": "금오산등산", "imageList": ["https://w.namu.la/s/460fb60f735c0051e241c51f7dc3f4af6e03828d780f23ae7a8e293cef68bdf022db5ff72e730082a614c50f00a91de2dd4c7f82bdf5a719e562f12626ce0633ad8bab867866564a3a1f7554063b8c255196d6a04d7f70a2c0cc3666e2c7f3c83701fb195cfc24c660cfcb488831d27a"], "travel": 4, "likeList": []}}, {"model": "community.board", "pk": 9, "fields": {"userId": 15, "writeDate": "2023-01-25T03:20:47.879", "theme": "혼자", "title": "여수밤바다", "content": "테스트테스트", "imageList": ["https://youimg1.tripcdn.com/target/0103z12000992oqt6D4F1_C_640_320_R5_Q70.jpg_.webp?proc=source%2Ftrip"], "travel": 5, "likeList": []}}, {"model": "community.board", "pk": 10, "fields": {"userId": 15, "writeDate": "2023-01-30T06:21:40.427", "theme": "혼자", "title": "전주 여행", "content": "윈도우 배경화면임", "imageList": ["https://a.cdn-hotels.com/gdcs/production142/d512/6c41dc85-2591-45d2-b7a1-fd6a283c1250.jpg?impolicy=fcrop&w=800&h=533&q=medium"], "travel": 1, "likeList": []}}, {"model": "community.board", "pk": 11, "fields": {"userId": 1, "writeDate": "2023-01-20T06:21:49.712", "theme": "친구와", "title": "동해바다 일출", "content": "테스트테스트", "imageList": ["https://post-phinf.pstatic.net/MjAxODEyMjhfNTIg/MDAxNTQ1OTQ3ODY0MTY3.qmhsgKWkzk3Yv7p-YlOgVUISofSKqgUDhwIJ6YA4Xnkg.TYjqf_MGC010zeSe9Uk0x4lNcvYjPYP0A2M7oI02LXcg.PNG/181224_%EC%8C%8D%EC%9A%A9_%EB%B3%B83.png?type=w1200"], "travel": 1, "likeList": []}}, {"model": "community.board", "pk": 12, "fields": {"userId": 1, "writeDate": "2023-01-19T06:22:01.836", "theme": "연인과", "title": "모토캠핑", "content": "테스트테스트", "imageList": ["https://cdn.san.chosun.com/news/photo/202106/14933_62469_3541.jpg"], "travel": 1, "likeList": []}}, {"model": "community.board", "pk": 13, "fields": {"userId": 1, "writeDate": "2023-01-20T06:22:48.154", "theme": "배우자와", "title": "차박 투어링", "content": "테스트테스트", "imageList": ["https://www.kkday.com/ko/blog/wp-content/uploads/chabak_camping_1.jpg"], "travel": 1, "likeList": []}}, {"model": "community.board", "pk": 14, "fields": {"userId": 1, "writeDate": "2023-01-22T06:23:09.082", "theme": "아이와", "title": "우리 아이랑 레고랜드", "content": "테스트테스트", "imageList": ["https://w.namu.la/s/5a24a24b11b632d856bb6f54b516213923027067256ec37ef9adfb058f168dadbbf20308f31e2c41d2c32d680b75ddcecc49dc58ba57ce05eea7979abb5e59b3e1b7737268de48d251a8e7f7e1d68b7eda951c3d4b152a8541757b039d9287dc1ac5fdba59731641f4fa26427a5d1b48"], "travel": 1, "likeList": []}}, {"model": "community.board", "pk": 15, "fields": {"userId": 1, "writeDate": "2022-12-20T06:23:23.893", "theme": "부모님과", "title": "효도여행", "content": "테스트테스트", "imageList": ["https://img1.daumcdn.net/thumb/R1280x0/?fname=http://t1.daumcdn.net/brunch/service/user/1jPF/image/LTEUf1STQRRTbOAvBG1G44O1duc.jpg"], "travel": 1, "likeList": []}}, {"model": "community.board", "pk": 16, "fields": {"userId": 1, "writeDate": "2022-01-22T06:23:40.605", "theme": "기타", "title": "전국 일주", "content": "테스트테스트", "imageList": ["https://www.wildbike.co.kr/files/attach/images/298433/782/832/dsc01908_1.jpg"], "travel": 1, "likeList": []}}, {"model": "community.board", "pk": 2246, "fields": {"userId": 1, "writeDate": "2023-01-28T12:53:20.623", "theme": "", "title": "travel 포함", "content": "포함되라 머리 머리", "imageList": ["adsds", "sdsds"], "travel": 1, "likeList": [1]}}, {"model": "community.place", "pk": 1, "fields": {"travel": 1, "placeName": "서울 집", "saveDate": "2023-01-19T08:16:14.162", "memo": "집에서 출발", "placeImgList": ["https://streetviewpixels-pa.googleapis.com/v1/thumbnail?panoid=MQ1_BKsCwdyhna8N2Wjtwg&cb_client=search.gws-prod.gps&w=408&h=240&yaw=288.20453&pitch=0&thumbfov=100", "https://streetviewpixels-pa.googleapis.com/v1/thumbnail?panoid=MQ1_BKsCwdyhna8N2Wjtwg&cb_client=search.gws-prod.gps&w=408&h=240&yaw=288.20453&pitch=0&thumbfov=100", "https://streetviewpixels-pa.googleapis.com/v1/thumbnail?panoid=MQ1_BKsCwdyhna8N2Wjtwg&cb_client=search.gws-prod.gps&w=408&h=240&yaw=288.20453&pitch=0&thumbfov=100"], "latitude": 37.575333, "longitude": 127.002261, "address": "서울"}}, {"model": "community.place", "pk": 2, "fields": {"travel": 1, "placeName": "인천국제공항", "saveDate": "2023-01-19T08:16:14.167", "memo": "국제공항", "placeImgList": ["https://lh5.googleusercontent.com/p/AF1QipPp-X1j2jnCTtSgS2f2iEsdmNXHa-Q9dQPSe1uX=w408-h306-k-no"], "latitude": 37.460755, "longitude": 126.441364, "address": "제주"}}, {"model": "community.place", "pk": 3, "fields": {"travel": 1, "placeName": "제주국제공항", "saveDate": "2023-01-19T08:16:14.174", "memo": "제주공항", "placeImgList": ["https://lh5.googleusercontent.com/p/AF1QipM531scKRqaNXT6ruYmxQPDsw7WiegPyT-xUFcA=w408-h306-k-no"], "latitude": 33.512534, "longitude": 126.491545, "address": "제주"}}, {"model": "community.place", "pk": 4, "fields": {"travel": 1, "placeName": "제주 컴패트리 호텔", "saveDate": "2023-01-19T08:16:18.576", "memo": "컴패", "placeImgList": ["https://lh3.googleusercontent.com/gps-proxy/ALm4wwlj_8b8LwU9EmleD1lSxpQDVufJl0-FjLBrnFGC_ng7qp4VNgPJHakllSKdlL6Ae7YCiv4rd_DlasFr0F5QOe0K7wPHU35zCKMT2fpc5t0mT98bhS5EXGZMfGOtG09Xa500elK__xMPQ0tT0g84e1uZiSPVk4MA7EkP7B0I99w5ONUSTKvZEzH1=w408-h272-k-no"], "latitude": 33.452954, "longitude": 126.4507, "address": "제주"}}, {"model": "community.place", "pk": 5, "fields": {"travel": 1, "placeName": "한라산 백록담", "saveDate": "2023-01-19T08:16:18.581", "memo": "백록담", "placeImgList": ["https://lh5.googleusercontent.com/p/AF1QipNRVmeqoVFRjVYsuM1K2kCCXC_PuFkK6D1R_qTq=w408-h306-k-no"], "latitude": 33.360947, "longitude": 126.528713, "address": "제주"}}, {"model": "community.place", "pk": 6, "fields": {"travel": 1, "placeName": "도깨비 도로", "saveDate": "2023-01-19T08:16:18.586", "memo": "도깨비", "placeImgList": ["http://san.chosun.com/news/photo/202205/15750_66157_37.jpg"], "latitude": 33.451254, "longitude": 126.487819, "address": "제주"}}, {"model": "community.place", "pk": 7, "fields": {"travel": 1, "placeName": "비양도 ", "saveDate": "2023-01-25T07:13:58.835", "memo": "비양도 ", "placeImgList": ["https://lh5.googleusercontent.com/p/AF1QipPwajL4G3SKFeBVj7ltRyGIh9EvqLzdRS9NVkEa=w408-h308-k-no"], "latitude": 33.409853, "longitude": 126.22583, "address": "제주"}}, {"model": "community.place", "pk": 8, "fields": {"travel": 2, "placeName": "서울 집", "saveDate": "2023-01-19T08:16:14.162", "memo": "집에서 출발", "placeImgList": ["https://streetviewpixels-pa.googleapis.com/v1/thumbnail?panoid=MQ1_BKsCwdyhna8N2Wjtwg&cb_client=search.gws-prod.gps&w=408&h=240&yaw=288.20453&pitch=0&thumbfov=100", "https://streetviewpixels-pa.googleapis.com/v1/thumbnail?panoid=MQ1_BKsCwdyhna8N2Wjtwg&cb_client=search.gws-prod.gps&w=408&h=240&yaw=288.20453&pitch=0&thumbfov=100", "https://streetviewpixels-pa.googleapis.com/v1/thumbnail?panoid=MQ1_BKsCwdyhna8N2Wjtwg&cb_client=search.gws-prod.gps&w=408&h=240&yaw=288.20453&pitch=0&thumbfov=100"], "latitude": 37.575333, "longitude": 127.002261, "address": "서울"}}, {"model": "community.place", "pk": 9, "fields": {"travel": 3, "placeName": "인천국제공항", "saveDate": "2023-01-19T08:16:14.167", "memo": "국제공항", "placeImgList": ["https://lh5.googleusercontent.com/p/AF1QipPp-X1j2jnCTtSgS2f2iEsdmNXHa-Q9dQPSe1uX=w408-h306-k-no"], "latitude": 37.460755, "longitude": 126.441364, "address": "제주"}}, {"model": "community.place", "pk": 10, "fields": {"travel": 4, "placeName": "제주 컴패트리 호텔", "saveDate": "2023-01-19T08:16:18.576", "memo": "컴패", "placeImgList": ["https://lh3.googleusercontent.com/gps-proxy/ALm4wwlj_8b8LwU9EmleD1lSxpQDVufJl0-FjLBrnFGC_ng7qp4VNgPJHakllSKdlL6Ae7YCiv4rd_DlasFr0F5QOe0K7wPHU35zCKMT2fpc5t0mT98bhS5EXGZMfGOtG09Xa500elK__xMPQ0tT0g84e1uZiSPVk4MA7EkP7B0I99w5ONUSTKvZEzH1=w408-h272-k-no"], "latitude": 37.575333, "longitude": 127.002261, "address": "제주"}}, {"model": "community.place", "pk": 11, "fields": {"travel": 4, "placeName": "제주 컴패트리 호텔", "saveDate": "2023-01-19T08:16:18.576", "memo": "컴패", "placeImgList": ["https://lh3.googleusercontent.com/gps-proxy/ALm4wwlj_8b8LwU9EmleD1lSxpQDVufJl0-FjLBrnFGC_ng7qp4VNgPJHakllSKdlL6Ae7YCiv4rd_DlasFr0F5QOe0K7wPHU35zCKMT2fpc5t0mT98bhS5EXGZMfGOtG09Xa500elK__xMPQ0tT0g84e1uZiSPVk4MA7EkP7B0I99w5ONUSTKvZEzH1=w408-h272-k-no"], "latitude": 37.575333, "longitude": 127.002261, "address": "제주"}}, {"model": "community.place", "pk": 12, "fields": {"travel": 5, "placeName": "한라산 백록담", "saveDate": "2023-01-19T08:16:18.581", "memo": "백록담", "placeImgList": ["https://lh5.googleusercontent.com/p/AF1QipNRVmeqoVFRjVYsuM1K2kCCXC_PuFkK6D1R_qTq=w408-h306-k-no"], "latitude": 33.360947, "longitude": 126.528713, "address": "제주"}}, {"model": "auth.permission", "pk": 1, "fields": {"name": "Can add email validate model", "content_type": 1, "codename": "add_emailvalidatemodel"}}, {"model": "auth.permission", "pk": 2, "fields": {"name": "Can change email validate model", "content_type": 1, "codename": "change_emailvalidatemodel"}}, {"model": "auth.permission", "pk": 3, "fields": {"name": "Can delete email validate model", "content_type": 1, "codename": "delete_emailvalidatemodel"}}, {"model": "auth.permission", "pk": 4, "fields": {"name": "Can view email validate model", "content_type": 1, "codename": "view_emailvalidatemodel"}}, {"model": "auth.permission", "pk": 5, "fields": {"name": "Can add image test", "content_type": 2, "codename": "add_imagetest"}}, {"model": "auth.permission", "pk": 6, "fields": {"name": "Can change image test", "content_type": 2, "codename": "change_imagetest"}}, {"model": "auth.permission", "pk": 7, "fields": {"name": "Can delete image test", "content_type": 2, "codename": "delete_imagetest"}}, {"model": "auth.permission", "pk": 8, "fields": {"name": "Can view image test", "content_type": 2, "codename": "view_imagetest"}}, {"model": "auth.permission", "pk": 9, "fields": {"name": "Can add user", "content_type": 3, "codename": "add_user"}}, {"model": "auth.permission", "pk": 10, "fields": {"name": "Can change user", "content_type": 3, "codename": "change_user"}}, {"model": "auth.permission", "pk": 11, "fields": {"name": "Can delete user", "content_type": 3, "codename": "delete_user"}}, {"model": "auth.permission", "pk": 12, "fields": {"name": "Can view user", "content_type": 3, "codename": "view_user"}}, {"model": "auth.permission", "pk": 13, "fields": {"name": "Can add board", "content_type": 4, "codename": "add_board"}}, {"model": "auth.permission", "pk": 14, "fields": {"name": "Can change board", "content_type": 4, "codename": "change_board"}}, {"model": "auth.permission", "pk": 15, "fields": {"name": "Can delete board", "content_type": 4, "codename": "delete_board"}}, {"model": "auth.permission", "pk": 16, "fields": {"name": "Can view board", "content_type": 4, "codename": "view_board"}}, {"model": "auth.permission", "pk": 17, "fields": {"name": "Can add travel", "content_type": 5, "codename": "add_travel"}}, {"model": "auth.permission", "pk": 18, "fields": {"name": "Can change travel", "content_type": 5, "codename": "change_travel"}}, {"model": "auth.permission", "pk": 19, "fields": {"name": "Can delete travel", "content_type": 5, "codename": "delete_travel"}}, {"model": "auth.permission", "pk": 20, "fields": {"name": "Can view travel", "content_type": 5, "codename": "view_travel"}}, {"model": "auth.permission", "pk": 21, "fields": {"name": "Can add place", "content_type": 6, "codename": "add_place"}}, {"model": "auth.permission", "pk": 22, "fields": {"name": "Can change place", "content_type": 6, "codename": "change_place"}}, {"model": "auth.permission", "pk": 23, "fields": {"name": "Can delete place", "content_type": 6, "codename": "delete_place"}}, {"model": "auth.permission", "pk": 24, "fields": {"name": "Can view place", "content_type": 6, "codename": "view_place"}}, {"model": "auth.permission", "pk": 25, "fields": {"name": "Can add like", "content_type": 7, "codename": "add_like"}}, {"model": "auth.permission", "pk": 26, "fields": {"name": "Can change like", "content_type": 7, "codename": "change_like"}}, {"model": "auth.permission", "pk": 27, "fields": {"name": "Can delete like", "content_type": 7, "codename": "delete_like"}}, {"model": "auth.permission", "pk": 28, "fields": {"name": "Can view like", "content_type": 7, "codename": "view_like"}}, {"model": "auth.permission", "pk": 29, "fields": {"name": "Can add comment", "content_type": 8, "codename": "add_comment"}}, {"model": "auth.permission", "pk": 30, "fields": {"name": "Can change comment", "content_type": 8, "codename": "change_comment"}}, {"model": "auth.permission", "pk": 31, "fields": {"name": "Can delete comment", "content_type": 8, "codename": "delete_comment"}}, {"model": "auth.permission", "pk": 32, "fields": {"name": "Can view comment", "content_type": 8, "codename": "view_comment"}}, {"model": "auth.permission", "pk": 33, "fields": {"name": "Can add log entry", "content_type": 9, "codename": "add_logentry"}}, {"model": "auth.permission", "pk": 34, "fields": {"name": "Can change log entry", "content_type": 9, "codename": "change_logentry"}}, {"model": "auth.permission", "pk": 35, "fields": {"name": "Can delete log entry", "content_type": 9, "codename": "delete_logentry"}}, {"model": "auth.permission", "pk": 36, "fields": {"name": "Can view log entry", "content_type": 9, "codename": "view_logentry"}}, {"model": "auth.permission", "pk": 37, "fields": {"name": "Can add permission", "content_type": 10, "codename": "add_permission"}}, {"model": "auth.permission", "pk": 38, "fields": {"name": "Can change permission", "content_type": 10, "codename": "change_permission"}}, {"model": "auth.permission", "pk": 39, "fields": {"name": "Can delete permission", "content_type": 10, "codename": "delete_permission"}}, {"model": "auth.permission", "pk": 40, "fields": {"name": "Can view permission", "content_type": 10, "codename": "view_permission"}}, {"model": "auth.permission", "pk": 41, "fields": {"name": "Can add group", "content_type": 11, "codename": "add_group"}}, {"model": "auth.permission", "pk": 42, "fields": {"name": "Can change group", "content_type": 11, "codename": "change_group"}}, {"model": "auth.permission", "pk": 43, "fields": {"name": "Can delete group", "content_type": 11, "codename": "delete_group"}}, {"model": "auth.permission", "pk": 44, "fields": {"name": "Can view group", "content_type": 11, "codename": "view_group"}}, {"model": "auth.permission", "pk": 45, "fields": {"name": "Can add content type", "content_type": 12, "codename": "add_contenttype"}}, {"model": "auth.permission", "pk": 46, "fields": {"name": "Can change content type", "content_type": 12, "codename": "change_contenttype"}}, {"model": "auth.permission", "pk": 47, "fields": {"name": "Can delete content type", "content_type": 12, "codename": "delete_contenttype"}}, {"model": "auth.permission", "pk": 48, "fields": {"name": "Can view content type", "content_type": 12, "codename": "view_contenttype"}}, {"model": "auth.permission", "pk": 49, "fields": {"name": "Can add session", "content_type": 13, "codename": "add_session"}}, {"model": "auth.permission", "pk": 50, "fields": {"name": "Can change session", "content_type": 13, "codename": "change_session"}}, {"model": "auth.permission", "pk": 51, "fields": {"name": "Can delete session", "content_type": 13, "codename": "delete_session"}}, {"model": "auth.permission", "pk": 52, "fields": {"name": "Can view session", "content_type": 13, "codename": "view_session"}}, {"model": "auth.permission", "pk": 53, "fields": {"name": "Can add Token", "content_type": 14, "codename": "add_token"}}, {"model": "auth.permission", "pk": 54, "fields": {"name": "Can change Token", "content_type": 14, "codename": "change_token"}}, {"model": "auth.permission", "pk": 55, "fields": {"name": "Can delete Token", "content_type": 14, "codename": "delete_token"}}, {"model": "auth.permission", "pk": 56, "fields": {"name": "Can view Token", "content_type": 14, "codename": "view_token"}}, {"model": "auth.permission", "pk": 57, "fields": {"name": "Can add token", "content_type": 15, "codename": "add_tokenproxy"}}, {"model": "auth.permission", "pk": 58, "fields": {"name": "Can change token", "content_type": 15, "codename": "change_tokenproxy"}}, {"model": "auth.permission", "pk": 59, "fields": {"name": "Can delete token", "content_type": 15, "codename": "delete_tokenproxy"}}, {"model": "auth.permission", "pk": 60, "fields": {"name": "Can view token", "content_type": 15, "codename": "view_tokenproxy"}}, {"model": "auth.permission", "pk": 61, "fields": {"name": "Can add site", "content_type": 16, "codename": "add_site"}}, {"model": "auth.permission", "pk": 62, "fields": {"name": "Can change site", "content_type": 16, "codename": "change_site"}}, {"model": "auth.permission", "pk": 63, "fields": {"name": "Can delete site", "content_type": 16, "codename": "delete_site"}}, {"model": "auth.permission", "pk": 64, "fields": {"name": "Can view site", "content_type": 16, "codename": "view_site"}}, {"model": "auth.permission", "pk": 65, "fields": {"name": "Can add email address", "content_type": 17, "codename": "add_emailaddress"}}, {"model": "auth.permission", "pk": 66, "fields": {"name": "Can change email address", "content_type": 17, "codename": "change_emailaddress"}}, {"model": "auth.permission", "pk": 67, "fields": {"name": "Can delete email address", "content_type": 17, "codename": "delete_emailaddress"}}, {"model": "auth.permission", "pk": 68, "fields": {"name": "Can view email address", "content_type": 17, "codename": "view_emailaddress"}}, {"model": "auth.permission", "pk": 69, "fields": {"name": "Can add email confirmation", "content_type": 18, "codename": "add_emailconfirmation"}}, {"model": "auth.permission", "pk": 70, "fields": {"name": "Can change email confirmation", "content_type": 18, "codename": "change_emailconfirmation"}}, {"model": "auth.permission", "pk": 71, "fields": {"name": "Can delete email confirmation", "content_type": 18, "codename": "delete_emailconfirmation"}}, {"model": "auth.permission", "pk": 72, "fields": {"name": "Can view email confirmation", "content_type": 18, "codename": "view_emailconfirmation"}}, {"model": "auth.permission", "pk": 73, "fields": {"name": "Can add social account", "content_type": 19, "codename": "add_socialaccount"}}, {"model": "auth.permission", "pk": 74, "fields": {"name": "Can change social account", "content_type": 19, "codename": "change_socialaccount"}}, {"model": "auth.permission", "pk": 75, "fields": {"name": "Can delete social account", "content_type": 19, "codename": "delete_socialaccount"}}, {"model": "auth.permission", "pk": 76, "fields": {"name": "Can view social account", "content_type": 19, "codename": "view_socialaccount"}}, {"model": "auth.permission", "pk": 77, "fields": {"name": "Can add social application", "content_type": 20, "codename": "add_socialapp"}}, {"model": "auth.permission", "pk": 78, "fields": {"name": "Can change social application", "content_type": 20, "codename": "change_socialapp"}}, {"model": "auth.permission", "pk": 79, "fields": {"name": "Can delete social application", "content_type": 20, "codename": "delete_socialapp"}}, {"model": "auth.permission", "pk": 80, "fields": {"name": "Can view social application", "content_type": 20, "codename": "view_socialapp"}}, {"model": "auth.permission", "pk": 81, "fields": {"name": "Can add social application token", "content_type": 21, "codename": "add_socialtoken"}}, {"model": "auth.permission", "pk": 82, "fields": {"name": "Can change social application token", "content_type": 21, "codename": "change_socialtoken"}}, {"model": "auth.permission", "pk": 83, "fields": {"name": "Can delete social application token", "content_type": 21, "codename": "delete_socialtoken"}}, {"model": "auth.permission", "pk": 84, "fields": {"name": "Can view social application token", "content_type": 21, "codename": "view_socialtoken"}}, {"model": "contenttypes.contenttype", "pk": 1, "fields": {"app_label": "accounts", "model": "emailvalidatemodel"}}, {"model": "contenttypes.contenttype", "pk": 2, "fields": {"app_label": "accounts", "model": "imagetest"}}, {"model": "contenttypes.contenttype", "pk": 3, "fields": {"app_label": "accounts", "model": "user"}}, {"model": "contenttypes.contenttype", "pk": 4, "fields": {"app_label": "community", "model": "board"}}, {"model": "contenttypes.contenttype", "pk": 5, "fields": {"app_label": "community", "model": "travel"}}, {"model": "contenttypes.contenttype", "pk": 6, "fields": {"app_label": "community", "model": "place"}}, {"model": "contenttypes.contenttype", "pk": 7, "fields": {"app_label": "community", "model": "like"}}, {"model": "contenttypes.contenttype", "pk": 8, "fields": {"app_label": "community", "model": "comment"}}, {"model": "contenttypes.contenttype", "pk": 9, "fields": {"app_label": "admin", "model": "logentry"}}, {"model": "contenttypes.contenttype", "pk": 10, "fields": {"app_label": "auth", "model": "permission"}}, {"model": "contenttypes.contenttype", "pk": 11, "fields": {"app_label": "auth", "model": "group"}}, {"model": "contenttypes.contenttype", "pk": 12, "fields": {"app_label": "contenttypes", "model": "contenttype"}}, {"model": "contenttypes.contenttype", "pk": 13, "fields": {"app_label": "sessions", "model": "session"}}, {"model": "contenttypes.contenttype", "pk": 14, "fields": {"app_label": "authtoken", "model": "token"}}, {"model": "contenttypes.contenttype", "pk": 15, "fields": {"app_label": "authtoken", "model": "tokenproxy"}}, {"model": "contenttypes.contenttype", "pk": 16, "fields": {"app_label": "sites", "model": "site"}}, {"model": "contenttypes.contenttype", "pk": 17, "fields": {"app_label": "account", "model": "emailaddress"}}, {"model": "contenttypes.contenttype", "pk": 18, "fields": {"app_label": "account", "model": "emailconfirmation"}}, {"model": "contenttypes.contenttype", "pk": 19, "fields": {"app_label": "socialaccount", "model": "socialaccount"}}, {"model": "contenttypes.contenttype", "pk": 20, "fields": {"app_label": "socialaccount", "model": "socialapp"}}, {"model": "contenttypes.contenttype", "pk": 21, "fields": {"app_label": "socialaccount", "model": "socialtoken"}}, {"model": "sessions.session", "pk": "08gc48i2hjjuwcec8su8c1gznohm911f", "fields": {"session_data": ".eJxVjEEOwiAQRe_C2hAGqIBL956BMMMgVUOT0q6Md7dNutDtf-_9t4hpXWpcO89xzOIitDj9bpjoyW0H-ZHafZI0tWUeUe6KPGiXtynz63q4fwc19brVZy6oNShntWUYgI1GLNoPVEICZRi8Cp5sAZcpm2QxqALBEAJvghOfL9b7N78:1pIQ4H:ZyCDPKs4_ctwAWnirOSO7k9GWeCUSgFqm1Lred-X-aE", "expire_date": "2023-02-02T08:14:41.613"}}, {"model": "sessions.session", "pk": "0e4x8bbkxkmfc91250ipqnn5jw2hn6of", "fields": {"session_data": ".eJxVjEEOAiEQBP_C2RBYGFBv-hEyDBCIGzYROBn_Lmv2oMeu7q4Xczh6dqPFpyuBXZm07PQLPdIj1r3Bdd0xR6Jt1M6_m6Nu_DZTrL0Q9rLV-_H6U2VseXoMGCuC0JDOlNQiSPlJrESxKK9F1BSE8lIHKwG9AZVAotXy4kErgMDeH71LO3E:1pKZej:_zEfL6BuEg0g4efgZqAR9NoruGmfpVxJC3oDTwoQi7A", "expire_date": "2023-02-08T06:53:13.697"}}, {"model": "sessions.session", "pk": "0fpmalb96gcd2t70z924kyn80bx31mmt", "fields": {"session_data": ".eJxVjMEOwiAQRP-Fs2mgC9R6sz9CdhcIxIYmAifjv9uaHvQ4b2beSzjsLblew9NlL25CGXH5hYT8COVocF0PPCDz1ksbvpuzrsN9T6G0zNjyVpbz9adKWNPukXpmO1NQANGQ1aBUnDwpq3EMlgwBIMgrIkUZRjA6eiDgqO1E7EGJ9wfcbzy8:1pKXVe:v-jlhg2bJ-MON4gGUENo4ymopQgfTzmzY4uF4L_YdFQ", "expire_date": "2023-02-08T04:35:42.491"}}, {"model": "sessions.session", "pk": "0wdu8wgkpbe61nemdq0rpy0zinwywqfn", "fields": {"session_data": ".eJxVjMsOwiAURP-FtSE8ysud_gi5XCAQG5oIrIz_bmu60OWcmTkv4mGO4mdPT18juRKhyOUXBsBHakcD63pgCojbbIN-N2fd6W1PqY2KMOrW7ufrT1Wgl92D0cQQWHTSsqwcy4gQtFmCjUoIaTljzkpkPCsRdZJ5MSZxp7MDI61C8v4A7-A8Wg:1pLIrx:IgNuNlsMFJ4IpeGwmEQL_Gu-MJUnm866-AEXMvtcav4", "expire_date": "2023-02-10T07:09:53.219"}}, {"model": "sessions.session", "pk": "10qnlinc2y1gfd04sp3zha3ulys30vvp", "fields": {"session_data": ".eJxVjMEOwiAQRP-Fs2mgC9R6sz9CdhcIxIYmAifjv9uaHvQ4b2beSzjsLblew9NlL25CGXH5hYT8COVocF0PPCDz1ksbvpuzrsN9T6G0zNjyVpbz9adKWNPukXpmO1NQANGQ1aBUnDwpq3EMlgwBIMgrIkUZRjA6eiDgqO1E7EGJ9wfcbzy8:1pKWAt:CFhA-zAvaLq1CBlnOfcYH8arEmPrtnPTiKpSV58IoLY", "expire_date": "2023-02-08T03:10:11.854"}}, {"model": "sessions.session", "pk": "1dbq8n8jn05w882rwgvstyc2z7799aqd", "fields": {"session_data": ".eJxVTEsOwiAQvQtr07RQBnCnF2lmphCIDU0EVsa7S00Xunl5_5dYsNW4tOKfS1rFVUgQl1-TkB8-Hwlu22EPyLy3XIdv54zLcOvK55oYa9rz_Vz9XUUssf_wqmAKYKQNZK3XBkGjccqZEZzuyLPDqXOaAymgSTPa1Y12ROkJQLw_yok72g:1pLgya:LINDrJSDZyAtNu-u6FPbqDUdMLyUxHTsWYB-T1B6sC0", "expire_date": "2023-02-11T08:54:20.855"}}, {"model": "sessions.session", "pk": "1dr777fhqh6i9cnzdoej50xmhmg31j9h", "fields": {"session_data": ".eJxVjMEOwiAQRP-Fs2mgC9R6sz9CdhcIxIYmAifjv9uaHvQ4b2beSzjsLblew9NlL25CGXH5hYT8COVocF0PPCDz1ksbvpuzrsN9T6G0zNjyVpbz9adKWNPukXpmO1NQANGQ1aBUnDwpq3EMlgwBIMgrIkUZRjA6eiDgqO1E7EGJ9wfcbzy8:1pKW9l:rDpddDaee2GY847InJsMxT4vZbGZye01WH72C6iB-2Q", "expire_date": "2023-02-08T03:09:01.314"}}, {"model": "sessions.session", "pk": "1trpwpdyc9jyjkb9c2bssj7cm2it1eeg", "fields": {"session_data": ".eJxVjMEOwiAQRP-Fs2mgC9R6sz9CdhcIxIYmAifjv9uaHvQ4b2beSzjsLblew9NlL25CGXH5hYT8COVocF0PPCDz1ksbvpuzrsN9T6G0zNjyVpbz9adKWNPukXpmO1NQANGQ1aBUnDwpq3EMlgwBIMgrIkUZRjA6eiDgqO1E7EGJ9wfcbzy8:1pKVwh:sBmPYL2bCfRV-Bzw08PWhMDtOfjMcz9WjMtzyaN023U", "expire_date": "2023-02-08T02:55:31.905"}}, {"model": "sessions.session", "pk": "2c3v78dj2w5coq8762easfopf6reryde", "fields": {"session_data": ".eJxVjEEOAiEQBP_C2RBYGFBv-hEyDBCIGzYROBn_Lmv2oMeu7q4Xczh6dqPFpyuBXZm07PQLPdIj1r3Bdd0xR6Jt1M6_m6Nu_DZTrL0Q9rLV-_H6U2VseXoMGCuC0JDOlNQiSPlJrESxKK9F1BSE8lIHKwG9AZVAotXy4kErgMDeH71LO3E:1pKwsj:Z_PUO4ynVVGCizVmY_XYlYolITf7-yWsFsp6LxOc2e0", "expire_date": "2023-02-09T07:41:13.118"}}, {"model": "sessions.session", "pk": "2hlfurehedcbiemv85m5i3dllknpo7vf", "fields": {"session_data": ".eJxVjEEOAiEQBP_C2RBYGFBv-hEyDBCIGzYROBn_Lmv2oMeu7q4Xczh6dqPFpyuBXZm07PQLPdIj1r3Bdd0xR6Jt1M6_m6Nu_DZTrL0Q9rLV-_H6U2VseXoMGCuC0JDOlNQiSPlJrESxKK9F1BSE8lIHKwG9AZVAotXy4kErgMDeH71LO3E:1pKZKh:teBy60qEO_4lLJKydcvq1yU78p0yw-mpev0N-8dP1qQ", "expire_date": "2023-02-08T06:32:31.990"}}, {"model": "sessions.session", "pk": "2lrmettfdtorjkakexegbx83jl7ove2e", "fields": {"session_data": ".eJxVjMEOwiAQRP-Fs2mgC9R6sz9CdhcIxIYmAifjv9uaHvQ4b2beSzjsLblew9NlL25CGXH5hYT8COVocF0PPCDz1ksbvpuzrsN9T6G0zNjyVpbz9adKWNPukXpmO1NQANGQ1aBUnDwpq3EMlgwBIMgrIkUZRjA6eiDgqO1E7EGJ9wfcbzy8:1pKXao:kVLg_ZZEXZWFytN0aAUJrTdOjI3Z7QuMEBlTOS7-XQ0", "expire_date": "2023-02-08T04:41:02.914"}}, {"model": "sessions.session", "pk": "2n6vlrs12r7toyitc22kvdsmhqgu43lt", "fields": {"session_data": ".eJxVjMEOwiAQRP-Fs2mgC9R6sz9CdhcIxIYmAifjv9uaHvQ4b2beSzjsLblew9NlL25CGXH5hYT8COVocF0PPCDz1ksbvpuzrsN9T6G0zNjyVpbz9adKWNPukXpmO1NQANGQ1aBUnDwpq3EMlgwBIMgrIkUZRjA6eiDgqO1E7EGJ9wfcbzy8:1pKWKV:_Fsev6vvrJpTSiqtklM7sUw2DNomAW7R25X3Uuyg_GY", "expire_date": "2023-02-08T03:20:07.421"}}, {"model": "sessions.session", "pk": "3al14bm6kj1emz8sv8nl0uzh3nyvdqij", "fields": {"session_data": ".eJxVjMEOwiAQRP-Fs2mgC9R6sz9CdhcIxIYmAifjv9uaHvQ4b2beSzjsLblew9NlL25CGXH5hYT8COVocF0PPCDz1ksbvpuzrsN9T6G0zNjyVpbz9adKWNPukXpmO1NQANGQ1aBUnDwpq3EMlgwBIMgrIkUZRjA6eiDgqO1E7EGJ9wfcbzy8:1pKWEE:uJFJJeNNh4YetSxnKoOkCm-neigYya448zLv893vD0E", "expire_date": "2023-02-08T03:13:38.195"}}, {"model": "sessions.session", "pk": "3d18x9zob6wk65akzc2aolx8s08qevu1", "fields": {"session_data": ".eJxVjMEOwiAQRP-Fs2koUGC96Y8022UJxIYmAifjv9uaHvQ4b2beS8zYW5p75eecg7iKUVx-2YL04HIUuK4HHpBo66UN381Z1-G2Jy4tE7a8lfv5-lMlrGn3KOYgeVLSWCATAdlS0MoGCs4riiDtqC04LyHCaJy3CzrNAKgBzWTE-wO8NDvb:1pLf6i:ViK9fXYI5F5ipceoy9ZG6jfWIzZoeXPEVCoCZl51MGc", "expire_date": "2023-02-11T06:54:36.741"}}, {"model": "sessions.session", "pk": "47sm2i7ogkuqiyv1g7f73wpk9336qpq7", "fields": {"session_data": ".eJxVjMEOwiAQRP-Fs2mgC9R6sz9CdhcIxIYmAifjv9uaHvQ4b2beSzjsLblew9NlL25CGXH5hYT8COVocF0PPCDz1ksbvpuzrsN9T6G0zNjyVpbz9adKWNPukXpmO1NQANGQ1aBUnDwpq3EMlgwBIMgrIkUZRjA6eiDgqO1E7EGJ9wfcbzy8:1pKVze:8quPc3UwNEYQIPm-9brm4QpGiXpSEOgpLv4VpRrE-mU", "expire_date": "2023-02-08T02:58:34.815"}}, {"model": "sessions.session", "pk": "4b77azvqidw7oo8ixtibvejuoi6amjsw", "fields": {"session_data": ".eJxVjMEOwiAQRP-Fs2mgC9R6sz9CdhcIxIYmAifjv9uaHvQ4b2beSzjsLblew9NlL25CGXH5hYT8COVocF0PPCDz1ksbvpuzrsN9T6G0zNjyVpbz9adKWNPukXpmO1NQANGQ1aBUnDwpq3EMlgwBIMgrIkUZRjA6eiDgqO1E7EGJ9wfcbzy8:1pKXZX:55s8hGoBNqB73GLq6inLfuSbn6B9k1uIdE4Iz1Xc7XM", "expire_date": "2023-02-08T04:39:43.190"}}, {"model": "sessions.session", "pk": "4cg7ymc8cjzsgad2g0fo2am3timhv1bd", "fields": {"session_data": ".eJxVjEEOAiEQBP_C2RBYGFBv-hEyDBCIGzYROBn_Lmv2oMeu7q4Xczh6dqPFpyuBXZm07PQLPdIj1r3Bdd0xR6Jt1M6_m6Nu_DZTrL0Q9rLV-_H6U2VseXoMGCuC0JDOlNQiSPlJrESxKK9F1BSE8lIHKwG9AZVAotXy4kErgMDeH71LO3E:1pKZdP:CB96KZQ2JXBeAFO4Bj4cgcAXfE_KVIcPV0-Xr82loAw", "expire_date": "2023-02-08T06:51:51.582"}}, {"model": "sessions.session", "pk": "4ipmt59v59xn3mfef9fcu61u8al91glp", "fields": {"session_data": ".eJxVjMEOwiAQRP-Fs2mgC9R6sz9CdhcIxIYmAifjv9uaHvQ4b2beSzjsLblew9NlL25CGXH5hYT8COVocF0PPCDz1ksbvpuzrsN9T6G0zNjyVpbz9adKWNPukXpmO1NQANGQ1aBUnDwpq3EMlgwBIMgrIkUZRjA6eiDgqO1E7EGJ9wfcbzy8:1pKW0R:2v7F4W32zAvKbruwWaP6DrPMAIuoDWHYylYRFn0PSzQ", "expire_date": "2023-02-08T02:59:23.266"}}, {"model": "sessions.session", "pk": "4mm5jm5rz4a11vuf2rt1b3dfxjepnjii", "fields": {"session_data": ".eJxVjMEOwiAQRP-Fs2koUGC96Y8022UJxIYmAifjv9uaHvQ4b2beS8zYW5p75eecg7iKUVx-2YL04HIUuK4HHpBo66UN381Z1-G2Jy4tE7a8lfv5-lMlrGn3KOYgeVLSWCATAdlS0MoGCs4riiDtqC04LyHCaJy3CzrNAKgBzWTE-wO8NDvb:1pLj50:xB2HFu7pM-G4GJuGYFKIr-jKQnVkAjYVC8c9CaUbYcQ", "expire_date": "2023-02-11T11:09:06.834"}}, {"model": "sessions.session", "pk": "4nq1gmbkian2ia8k01na9wiwfqb2h9cx", "fields": {"session_data": ".eJxVjMEOwiAQRP-Fs2mgC9R6sz9CdhcIxIYmAifjv9uaHvQ4b2beSzjsLblew9NlL25CGXH5hYT8COVocF0PPCDz1ksbvpuzrsN9T6G0zNjyVpbz9adKWNPukXpmO1NQANGQ1aBUnDwpq3EMlgwBIMgrIkUZRjA6eiDgqO1E7EGJ9wfcbzy8:1pKWRg:1J3qfpV-Z5XWZlJdYzjOxNc2Qhuya6HYYEKO07oOyA4", "expire_date": "2023-02-08T03:27:32.518"}}, {"model": "sessions.session", "pk": "4rkgwrs6jxsr8ekuo3yzllpfy1v59lrd", "fields": {"session_data": ".eJxVjMsOgyAQRf9l1o0B5aW79kfIAEMkpZgodNP036uNGzc3ua_zAfR-aaXaN60pJgqWXpgyTKXlfAOLrc62bbTaFGACCZfMoX9SOQrM-Yi7E9f9N2e9dffdUanJY01LeZyvC2rGbd45vA-GBqOR66iEcMag4QPblTnymgs9clROB4XIvBqV6VXUUkTGZB8lwfcHZ8VG_A:1pIfGP:BMIXiYsf4tXp4aQDN0QQMvE9cL8wBZRc_LozDgT7TuU", "expire_date": "2023-02-03T00:28:13.081"}}, {"model": "sessions.session", "pk": "59ci7whhhh5c82lyunyj4uw1up5gxen7", "fields": {"session_data": ".eJxVjEEOAiEQBP_C2RBYGFBv-hEyDBCIGzYROBn_Lmv2oMeu7q4Xczh6dqPFpyuBXZm07PQLPdIj1r3Bdd0xR6Jt1M6_m6Nu_DZTrL0Q9rLV-_H6U2VseXoMGCuC0JDOlNQiSPlJrESxKK9F1BSE8lIHKwG9AZVAotXy4kErgMDeH71LO3E:1pKwDE:qqhpkIfvZUw19BarvK2Sw0qeRJcYBZVgtnQ4Glh8vy8", "expire_date": "2023-02-09T06:58:20.770"}}, {"model": "sessions.session", "pk": "5lnzzefbanzhm2vqnzhtop8vhkinhuun", "fields": {"session_data": ".eJxVjMEOwiAQRP-Fs2mgC9R6sz9CdhcIxIYmAifjv9uaHvQ4b2beSzjsLblew9NlL25CGXH5hYT8COVocF0PPCDz1ksbvpuzrsN9T6G0zNjyVpbz9adKWNPukXpmO1NQANGQ1aBUnDwpq3EMlgwBIMgrIkUZRjA6eiDgqO1E7EGJ9wfcbzy8:1pKWwO:XDoxWtmD90hpjX7KF4zsKI6rMiE4hLgs3aIZbqzB7qo", "expire_date": "2023-02-08T03:59:16.209"}}, {"model": "sessions.session", "pk": "5qt4kjdzuxqx2ccywxozvehqudmj1omf", "fields": {"session_data": ".eJxVjMEOwiAQRP-Fs2mgC9R6sz9CdhcIxIYmAifjv9uaHvQ4b2beSzjsLblew9NlL25CGXH5hYT8COVocF0PPCDz1ksbvpuzrsN9T6G0zNjyVpbz9adKWNPukXpmO1NQANGQ1aBUnDwpq3EMlgwBIMgrIkUZRjA6eiDgqO1E7EGJ9wfcbzy8:1pKVwg:a8Bkerr1FGLxFyBrwv_3cyRxR1A6khCZpXcVmEoauig", "expire_date": "2023-02-08T02:55:30.637"}}, {"model": "sessions.session", "pk": "5sze8mu8cd56lyvlkpb4i6p6r6qphfsy", "fields": {"session_data": ".eJxVjEEOAiEQBP_C2RBYGFBv-hEyDBCIGzYROBn_Lmv2oMeu7q4Xczh6dqPFpyuBXZm07PQLPdIj1r3Bdd0xR6Jt1M6_m6Nu_DZTrL0Q9rLV-_H6U2VseXoMGCuC0JDOlNQiSPlJrESxKK9F1BSE8lIHKwG9AZVAotXy4kErgMDeH71LO3E:1pKwOG:Yyf4ytTTe_rcMhxjr7U0G58Bkf0Z2U3_BryaW8xSg38", "expire_date": "2023-02-09T07:09:44.015"}}, {"model": "sessions.session", "pk": "5x5zy6xbp77bc3hehtp67gv0tjb0js23", "fields": {"session_data": ".eJxVjMsOwiAURP-FtSE8yqW4sz9Cbi8QGhuaCKyM_66YLnQ5Z2bOk3nsLfte48NvgV2ZnNjlF65I91hGg_s-MEeio5fGv5uzrvz2SbG0jbBtR1nO158qY83DY3RIBgjIBkInZqEBrFTCkFWOIgqLk06rdKiEAieTDnFGiBpSwjSz1xvdvjyr:1pKAR1:sXqE9n3Q3SwbEGo3yRvqZpv9ogwytPHTyEfh90ocBeg", "expire_date": "2023-02-07T03:57:23.099"}}, {"model": "sessions.session", "pk": "674vn4eh56t23jgukn7oletb518hnb1a", "fields": {"session_data": ".eJxVjMEOwiAQRP-Fs2koUGC96Y8022UJxIYmAifjv9uaHvQ4b2beS8zYW5p75eecg7iKUVx-2YL04HIUuK4HHpBo66UN381Z1-G2Jy4tE7a8lfv5-lMlrGn3KOYgeVLSWCATAdlS0MoGCs4riiDtqC04LyHCaJy3CzrNAKgBzWTE-wO8NDvb:1pKVEX:7OM_wCv8mw_bVfZP0iA00k0kNS0WZWtek-1Yo-j8Fu8", "expire_date": "2023-02-08T02:09:53.638"}}, {"model": "sessions.session", "pk": "7u1j7ud1vfb1hzuii5fu7gwj8627fnz9", "fields": {"session_data": ".eJxVjMEOgyAQRP-Fc2MAWaC91R8xu-saSA0mFU5N_73aeGiP82bmvdSIraaxbfIc86RuykR1-YWE_JByNLgsB-6QeW2ldt_NWW_dfU9SamaseS3D-fpTJdzS7tHAUWgyYDH4Xk8CwAgSxUJgpyNoArrO6NnOvSEki-xD8MYFH2ft1PsD6x48dA:1pKgrc:8_-vmBYZepteKcm4iHxRDnBIJGflVcbGRRNeXkxoi4w", "expire_date": "2023-02-08T14:35:00.789"}}, {"model": "sessions.session", "pk": "7yiij8dqw7y7v6osieq4mdk7d21i4r64", "fields": {"session_data": ".eJxVjEEOAiEQBP_C2RBYGFBv-hEyDBCIGzYROBn_Lmv2oMeu7q4Xczh6dqPFpyuBXZm07PQLPdIj1r3Bdd0xR6Jt1M6_m6Nu_DZTrL0Q9rLV-_H6U2VseXoMGCuC0JDOlNQiSPlJrESxKK9F1BSE8lIHKwG9AZVAotXy4kErgMDeH71LO3E:1pKZWM:iCHN8Pfb5iqcdfv9Y2oymEWQh3Nzlzio8-OphotGaBE", "expire_date": "2023-02-08T06:44:34.031"}}, {"model": "sessions.session", "pk": "7zlast5cg2gdr01scsgd6sgoudrqjmyr", "fields": {"session_data": ".eJxVjMEOwiAQRP-Fs2mgC9R6sz9CdhcIxIYmAifjv9uaHvQ4b2beSzjsLblew9NlL25CGXH5hYT8COVocF0PPCDz1ksbvpuzrsN9T6G0zNjyVpbz9adKWNPukXpmO1NQANGQ1aBUnDwpq3EMlgwBIMgrIkUZRjA6eiDgqO1E7EGJ9wfcbzy8:1pKXcJ:zZ3bNR9sb64gI3YIBElcckaVtJygtoZw5mc-ZRl1rhA", "expire_date": "2023-02-08T04:42:35.911"}}, {"model": "sessions.session", "pk": "882zbtiz3ls273qo2k7bucyyagyjuygc", "fields": {"session_data": ".eJxVjMEOwiAQRP-FsyG7UCh40x9ploWmxIYmAifjv9uaHvQ4b2beS0zU2zL1mp5TjuIqEMXlFwbiRypHQ-t6YEnMWy9NfjdnXeVtT6m0zNTyVu7n60-1UF12jwX02ihtaKRIyI584IhoSTtr2HoAjHpw4EcY_AyU_BCiirMa0WljxfsDvjM7fg:1pK0Bt:hVoHYE_9_m65MRsH4-ep9PHfZN1P-3DuXuHOWQea8yY", "expire_date": "2023-02-06T17:01:05.059"}}, {"model": "sessions.session", "pk": "946p7vsyvl9w7kvt29v9xww114kxaony", "fields": {"session_data": ".eJxVjMEOgyAQRP-Fc2MAWaC91R8xu-saSA0mFU5N_73aeGiP82bmvdSIraaxbfIc86RuykR1-YWE_JByNLgsB-6QeW2ldt_NWW_dfU9SamaseS3D-fpTJdzS7tHAUWgyYDH4Xk8CwAgSxUJgpyNoArrO6NnOvSEki-xD8MYFH2ft1PsD6x48dA:1pKfCp:gvm2Y-f8ZoNzBKDLMkPKpuZ6Pwdk8aZGq-2OegT64AU", "expire_date": "2023-02-08T12:48:47.926"}}, {"model": "sessions.session", "pk": "9fpaf7scu4tdjlzudfmqnzd9ltyihf0o", "fields": {"session_data": ".eJxVjMEOwiAQRP-Fs2mgC9R6sz9CdhcIxIYmAifjv9uaHvQ4b2beSzjsLblew9NlL25CGXH5hYT8COVocF0PPCDz1ksbvpuzrsN9T6G0zNjyVpbz9adKWNPukXpmO1NQANGQ1aBUnDwpq3EMlgwBIMgrIkUZRjA6eiDgqO1E7EGJ9wfcbzy8:1pKWMH:CJ-Y-vJY5rHUfUKLVJheu_jZMzx-wdq7L3SrwRm4Exw", "expire_date": "2023-02-08T03:21:57.362"}}, {"model": "sessions.session", "pk": "9o6x43l020yizy5kfyj7u0xm647h28zs", "fields": {"session_data": ".eJxVjEEOAiEQBP_C2RBYGFBv-hEyDBCIGzYROBn_Lmv2oMeu7q4Xczh6dqPFpyuBXZm07PQLPdIj1r3Bdd0xR6Jt1M6_m6Nu_DZTrL0Q9rLV-_H6U2VseXoMGCuC0JDOlNQiSPlJrESxKK9F1BSE8lIHKwG9AZVAotXy4kErgMDeH71LO3E:1pLzgN:IykUoL3nJ51dAPcwTq2Ld5bVjBLd2EtdIPYECYIz5_E", "expire_date": "2023-02-12T04:52:47.005"}}, {"model": "sessions.session", "pk": "a0gekrtis1nmqg4cs940lzy6fq1j03tp", "fields": {"session_data": ".eJxVjMEOwiAQRP-Fs2mgC9R6sz9CdhcIxIYmAifjv9uaHvQ4b2beSzjsLblew9NlL25CGXH5hYT8COVocF0PPCDz1ksbvpuzrsN9T6G0zNjyVpbz9adKWNPukXpmO1NQANGQ1aBUnDwpq3EMlgwBIMgrIkUZRjA6eiDgqO1E7EGJ9wfcbzy8:1pKVGT:UInk0rh7_aQ94SXZStm31z8jUYNYhmDKAWp4yp-Itd0", "expire_date": "2023-02-08T02:11:53.241"}}, {"model": "sessions.session", "pk": "adg4trxbnr6a0kr0u19mbq8ezug6zqxf", "fields": {"session_data": ".eJxVjEEOAiEQBP_C2RBYGFBv-hEyDBCIGzYROBn_Lmv2oMeu7q4Xczh6dqPFpyuBXZm07PQLPdIj1r3Bdd0xR6Jt1M6_m6Nu_DZTrL0Q9rLV-_H6U2VseXoMGCuC0JDOlNQiSPlJrESxKK9F1BSE8lIHKwG9AZVAotXy4kErgMDeH71LO3E:1pLPpC:_6eBqs0zr61UqRmYj5nfgBQZkVW76ucVWB8kB6GZ8Yc", "expire_date": "2023-02-10T14:35:30.445"}}, {"model": "sessions.session", "pk": "amg16ym49sz6z413h6abnecqlu23h50m", "fields": {"session_data": ".eJxVjMEOgyAQRP-Fc2MAWaC91R8xu-saSA0mFU5N_73aeGiP82bmvdSIraaxbfIc86RuykR1-YWE_JByNLgsB-6QeW2ldt_NWW_dfU9SamaseS3D-fpTJdzS7tHAUWgyYDH4Xk8CwAgSxUJgpyNoArrO6NnOvSEki-xD8MYFH2ft1PsD6x48dA:1pMIHX:CMdxmb2CmHhSz1G-HXNgyrkas_wJ-QsOuNPubEMI0Dw", "expire_date": "2023-02-13T00:44:23.350"}}, {"model": "sessions.session", "pk": "ao7zutjkhyigivxgnh4voqx3y6mkjlvr", "fields": {"session_data": ".eJxVjMEOwiAQRP-Fs2mgC9R6sz9CdhcIxIYmAifjv9uaHvQ4b2beSzjsLblew9NlL25CGXH5hYT8COVocF0PPCDz1ksbvpuzrsN9T6G0zNjyVpbz9adKWNPukXpmO1NQANGQ1aBUnDwpq3EMlgwBIMgrIkUZRjA6eiDgqO1E7EGJ9wfcbzy8:1pKVzM:Lefqn-Xl-mr9KcM6vh_c5yncLtoOUYCHBSHG1vRIsdw", "expire_date": "2023-02-08T02:58:16.501"}}, {"model": "sessions.session", "pk": "b4c18dmr02ilwj2yggixee0zxcpobkf9", "fields": {"session_data": ".eJxVjMEOwiAQRP-Fs2mgC9R6sz9CdhcIxIYmAifjv9uaHvQ4b2beSzjsLblew9NlL25CGXH5hYT8COVocF0PPCDz1ksbvpuzrsN9T6G0zNjyVpbz9adKWNPukXpmO1NQANGQ1aBUnDwpq3EMlgwBIMgrIkUZRjA6eiDgqO1E7EGJ9wfcbzy8:1pKUw5:LzRVqkxBmMW2uagtFghT4V24JT7OHHVtG69wXVCqu_g", "expire_date": "2023-02-08T01:50:49.068"}}, {"model": "sessions.session", "pk": "bc2s5pyp73otj87dpjq1dhkoh8mddrkb", "fields": {"session_data": ".eJxVjM0OwiAQhN-Fs2lo-Sve9EXI7rIEYkMTCyfju9uaHvQ438x8LxGgtxz6xs9QoriKSYrLL0SgB9ejgWU58ABEa69t-G7Oehtue-LaCkEra72frz9Vhi3vHlQerXLoNSaO4KfZKTQYiaQDGGfW1sZRMRqftPEMPtqY1MxkrEIpxfsDAHw9RQ:1pKbd4:WYHwJWLgy34blI3NhYoFeG2DuUpwaR8Hhc125CNJdGU", "expire_date": "2023-02-08T08:59:38.153"}}, {"model": "sessions.session", "pk": "bqj207ggwclzzw11mz64gwek9wkzw4ms", "fields": {"session_data": ".eJxVjM0OwiAQhN-FsyGhlD9v-iJk2V0CsaGJhZPx3W1ND3qcb2a-l4gweolj42esJK4iiMsvS4APbkcBy3JgCYjraF1-N2e9ydueuPWK0Ova7ufrT1VgK7vHICWPWkNOgSk4z6S1V8mwI6Nnk3O2k7XKoZ1UYkUAxhEDWFIpzF68P-bIPUw:1pIfjP:xRkPxbBuKQ3I81m5z6QaQZoj9vO0gd_Cn5dKDvpRohk", "expire_date": "2023-02-03T00:58:11.624"}}, {"model": "sessions.session", "pk": "cf28zozpli9qf1jtvyj0df9zrcwmpdgl", "fields": {"session_data": ".eJxVjk0OwiAQhe_C2jRIgQF39iLNdBgCsaGJhZXx7lLThS7f35f3EjO2mua283POQdyE0uLyay5IDy5Hgut62AMSba3U4ds54324d8WlZsKatzKdqz9Uwj11jlToSYEGGdEuFrRC9h4heiWJlaEYDAcGjcYG6wxgdOzgavToRtn_vT_jQTwx:1pKtGT:ldHnwQNk4Gxyom_CMXVR4iaOnZzQFmGDQA4fwqspBK8", "expire_date": "2023-02-09T03:49:29.031"}}, {"model": "sessions.session", "pk": "cwyvfg2nc8w0875846lvfsgorzk637dm", "fields": {"session_data": ".eJxVjMEOwiAQRP-Fs2koUGC96Y8022UJxIYmAifjv9uaHvQ4b2beS8zYW5p75eecg7iKUVx-2YL04HIUuK4HHpBo66UN381Z1-G2Jy4tE7a8lfv5-lMlrGn3KOYgeVLSWCATAdlS0MoGCs4riiDtqC04LyHCaJy3CzrNAKgBzWTE-wO8NDvb:1pLCez:GSU2SeZVfJGbWMR0jUdc7mL825H4MGXRgZWxvbMYnn4", "expire_date": "2023-02-10T00:32:05.702"}}, {"model": "sessions.session", "pk": "czffh9en25ks3e8rkuzzac8z202w0tro", "fields": {"session_data": ".eJxVjMEOwiAQRP-Fs2koUGC96Y8022UJxIYmAifjv9uaHvQ4b2beS8zYW5p75eecg7iKUVx-2YL04HIUuK4HHpBo66UN381Z1-G2Jy4tE7a8lfv5-lMlrGn3KOYgeVLSWCATAdlS0MoGCs4riiDtqC04LyHCaJy3CzrNAKgBzWTE-wO8NDvb:1pLJPQ:BQwCPrb9guLw_V7a1mCKA_a1vVtd-ELUYHYY5PtE3L4", "expire_date": "2023-02-10T07:44:28.713"}}, {"model": "sessions.session", "pk": "ddn3oey0c7kq9leks1spfsgs0dtf6w4r", "fields": {"session_data": ".eJxVjEEOAiEQBP_C2RBYGFBv-hEyDBCIGzYROBn_Lmv2oMeu7q4Xczh6dqPFpyuBXZm07PQLPdIj1r3Bdd0xR6Jt1M6_m6Nu_DZTrL0Q9rLV-_H6U2VseXoMGCuC0JDOlNQiSPlJrESxKK9F1BSE8lIHKwG9AZVAotXy4kErgMDeH71LO3E:1pKawO:b6nvVxwpBDcn6ypLGIoHzY348m6faM1ron-qeUlkKho", "expire_date": "2023-02-08T08:15:32.728"}}, {"model": "sessions.session", "pk": "dpbx8zfthwtqy35wt5gaque9gmfzxwl6", "fields": {"session_data": ".eJxVjMEOwiAQRP-Fs2mgC9R6sz9CdhcIxIYmAifjv9uaHvQ4b2beSzjsLblew9NlL25CGXH5hYT8COVocF0PPCDz1ksbvpuzrsN9T6G0zNjyVpbz9adKWNPukXpmO1NQANGQ1aBUnDwpq3EMlgwBIMgrIkUZRjA6eiDgqO1E7EGJ9wfcbzy8:1pKXxq:6Cg_L5bM_Gv6aiFfABf4B6a8Mv1iqH_Cgf_sykT-KyY", "expire_date": "2023-02-08T05:04:50.375"}}, {"model": "sessions.session", "pk": "e188huqic3lltyti54acclc25zyem5ox", "fields": {"session_data": ".eJxVjEEOAiEQBP_C2RBYGFBv-hEyDBCIGzYROBn_Lmv2oMeu7q4Xczh6dqPFpyuBXZm07PQLPdIj1r3Bdd0xR6Jt1M6_m6Nu_DZTrL0Q9rLV-_H6U2VseXoMGCuC0JDOlNQiSPlJrESxKK9F1BSE8lIHKwG9AZVAotXy4kErgMDeH71LO3E:1pLIZJ:2AKVKoZyjmAxTKAFmpELNx4z5N_cvN7qivb7bKs9N70", "expire_date": "2023-02-10T06:50:37.753"}}, {"model": "sessions.session", "pk": "e9dj93tfpqz1wpfq9c28zjpnobajjxge", "fields": {"session_data": ".eJxVjMEOwiAQRP-Fs2koUGC96Y8022UJxIYmAifjv9uaHvQ4b2beS8zYW5p75eecg7iKUVx-2YL04HIUuK4HHpBo66UN381Z1-G2Jy4tE7a8lfv5-lMlrGn3KOYgeVLSWCATAdlS0MoGCs4riiDtqC04LyHCaJy3CzrNAKgBzWTE-wO8NDvb:1pIV3G:ONwM7rK4I99QM6qpBe1QKFG4Hqzw2qLr_wVOP-CRvnk", "expire_date": "2023-02-02T13:33:58.599"}}, {"model": "sessions.session", "pk": "eeondk8367jio7cwagnal5577mxhjm9r", "fields": {"session_data": ".eJxVjMEOwiAQRP-Fs2mgC9R6sz9CdhcIxIYmAifjv9uaHvQ4b2beSzjsLblew9NlL25CGXH5hYT8COVocF0PPCDz1ksbvpuzrsN9T6G0zNjyVpbz9adKWNPukXpmO1NQANGQ1aBUnDwpq3EMlgwBIMgrIkUZRjA6eiDgqO1E7EGJ9wfcbzy8:1pKVyd:3HIPKvZ71pcvnyp67NiLB9lbxlN7evQGZz1cOl9VxAA", "expire_date": "2023-02-08T02:57:31.507"}}, {"model": "sessions.session", "pk": "f8br7syl28cp7iui4h45mseecqyxihtn", "fields": {"session_data": ".eJxVjMsOgyAURP-FdWMKF67orv4IubwiKcVEoZum_15t3LicMzPnw8i5pZVq3mFNMQVvwotSZmNpOd-YoVZn07awmuTZyIBdmCX3DOUoKOcDd6eu-2_OeuseewqlJkc1LWU6XxfVTNu8e6zWsvcOtdRKuUHe9QCISnB0IBUQaOS9sCKCsBp6QA5EAkX0QsnILfv-AD6RRgc:1pIf3D:0SFukowta4aG6sVROdx4qt1Iet0VJ2NF1EdAl2RoFyU", "expire_date": "2023-02-03T00:14:35.214"}}, {"model": "sessions.session", "pk": "f9oettkps629koz42av1yo3r81s9x17q", "fields": {"session_data": ".eJxVjEEOAiEQBP_C2RBYGFBv-hEyDBCIGzYROBn_Lmv2oMeu7q4Xczh6dqPFpyuBXZm07PQLPdIj1r3Bdd0xR6Jt1M6_m6Nu_DZTrL0Q9rLV-_H6U2VseXoMGCuC0JDOlNQiSPlJrESxKK9F1BSE8lIHKwG9AZVAotXy4kErgMDeH71LO3E:1pKw26:FPAcHsPNZ0OXSEElCM9M7XSdyDxXkobtcgRT0t6yMYs", "expire_date": "2023-02-09T06:46:50.057"}}, {"model": "sessions.session", "pk": "fgn6xrudd6om8jvri2bpfhlipkl9p7xr", "fields": {"session_data": ".eJxVjMEOwiAQRP-Fs2mgC9R6sz9CdhcIxIYmAifjv9uaHvQ4b2beSzjsLblew9NlL25CGXH5hYT8COVocF0PPCDz1ksbvpuzrsN9T6G0zNjyVpbz9adKWNPukXpmO1NQANGQ1aBUnDwpq3EMlgwBIMgrIkUZRjA6eiDgqO1E7EGJ9wfcbzy8:1pKXeK:zstbIbCax1cwQNJwKKcgG1nhVBKI2waqLk0Uy9ZRYOw", "expire_date": "2023-02-08T04:44:40.507"}}, {"model": "sessions.session", "pk": "fzerpoisvzeh5nvn95xkg5ttajnt8u5u", "fields": {"session_data": ".eJxVjMsOwiAURP-FtWmkt1ZwZ3-E3BcpsaGJhZXx36WmC13OnDnzMgFrmUPd9BmSmJuxvTn9loT80LwTXJa97pB5rbl0382Bt-7ekuaSGEta83RYf1czbnP7gRFxoHEAD5aYfPRoAQaJVoW9RJUoFkmsE3Ss4Jpwcb1e3Ujk3dm8PwpJPZ8:1pK0Mr:N6UKUjrd2HihlbsuCkZRVaS7CQQPE3paKw8C54Kg3oA", "expire_date": "2023-02-06T17:12:25.050"}}, {"model": "sessions.session", "pk": "g2cv2zjqhv1x5j37rfgxr5l6ixr0dc4i", "fields": {"session_data": ".eJxVjMEOwiAQRP-Fs2mgC9R6sz9CdhcIxIYmAifjv9uaHvQ4b2beSzjsLblew9NlL25CGXH5hYT8COVocF0PPCDz1ksbvpuzrsN9T6G0zNjyVpbz9adKWNPukXpmO1NQANGQ1aBUnDwpq3EMlgwBIMgrIkUZRjA6eiDgqO1E7EGJ9wfcbzy8:1pKWBZ:v0mKCbs9UF4zpPep3MNR55BpMvF5cGnlR81KDdrt2Kw", "expire_date": "2023-02-08T03:10:53.736"}}, {"model": "sessions.session", "pk": "g7gaquns6b743pp6blf9ugyo03xi2bs5", "fields": {"session_data": ".eJxVjM0OwiAQhN-Fs2kosOzqzb5Is_wFYkMTCyfju9uaHvQ438x8LzFzb3nuW3zOJYibUKO4_ELH_hHr0fCyHHhg79de2_DdnPU23PcUayueW1nrdL7-VJm3vHucY02albGsFAYzWoJE6FMEy2CcvyayjFInhIBhlIEYLUkJEgGSFu8P3DI78w:1pKfTk:taKwGu6FNrcTMfQUZBeRSfg9IfLCqyDWUmsSeR9E9gM", "expire_date": "2023-02-08T13:06:16.417"}}, {"model": "sessions.session", "pk": "gjo2uc914lky3rrxxmszfeva37b8a1uh", "fields": {"session_data": ".eJxVjMEOwiAQRP-Fs2mgC9R6sz9CdhcIxIYmAifjv9uaHvQ4b2beSzjsLblew9NlL25CGXH5hYT8COVocF0PPCDz1ksbvpuzrsN9T6G0zNjyVpbz9adKWNPukXpmO1NQANGQ1aBUnDwpq3EMlgwBIMgrIkUZRjA6eiDgqO1E7EGJ9wfcbzy8:1pKWA5:g1NG91gCLydTKmlbkVSN1Dl2q4lPUIcc5T7YAMgPCus", "expire_date": "2023-02-08T03:09:21.556"}}, {"model": "sessions.session", "pk": "gl7131kdyttm94gg3jo9das2gm8174no", "fields": {"session_data": ".eJxVjMEOwiAQRP-Fs2koUGC96Y8022UJxIYmAifjv9uaHvQ4b2beS8zYW5p75eecg7iKUVx-2YL04HIUuK4HHpBo66UN381Z1-G2Jy4tE7a8lfv5-lMlrGn3KOYgeVLSWCATAdlS0MoGCs4riiDtqC04LyHCaJy3CzrNAKgBzWTE-wO8NDvb:1pKHLd:dRvbE9HbL90HswazO0391vTFthtLZYqZgTJvboBicQI", "expire_date": "2023-02-07T11:20:17.541"}}, {"model": "sessions.session", "pk": "gnkqnazx6f04luezahi8ht3h6xjaemhz", "fields": {"session_data": ".eJxVjMEOwiAQRP-Fs2koUGC96Y8022UJxIYmAifjv9uaHvQ4b2beS8zYW5p75eecg7iKUVx-2YL04HIUuK4HHpBo66UN381Z1-G2Jy4tE7a8lfv5-lMlrGn3KOYgeVLSWCATAdlS0MoGCs4riiDtqC04LyHCaJy3CzrNAKgBzWTE-wO8NDvb:1pM1PR:qxy6GTwfna70ZDa2veHrOI0T9Rj3IXSzUjE0hIkM-zw", "expire_date": "2023-02-12T06:43:25.789"}}, {"model": "sessions.session", "pk": "i87m9vzi91s6g65c83kcl0430563s12m", "fields": {"session_data": ".eJxVjEEOAiEQBP_C2RBYGFBv-hEyDBCIGzYROBn_Lmv2oMeu7q4Xczh6dqPFpyuBXZm07PQLPdIj1r3Bdd0xR6Jt1M6_m6Nu_DZTrL0Q9rLV-_H6U2VseXoMGCuC0JDOlNQiSPlJrESxKK9F1BSE8lIHKwG9AZVAotXy4kErgMDeH71LO3E:1pKau3:nsfGoQ3CkBga8G30KWE47QTobe_oNwaVZ-JOmqGlSN4", "expire_date": "2023-02-08T08:13:07.178"}}, {"model": "sessions.session", "pk": "il9q5dorjiixcsixtuw39gim16wqdbhp", "fields": {"session_data": ".eJxVjMEOwiAQRP-Fs2mgC9R6sz9CdhcIxIYmAifjv9uaHvQ4b2beSzjsLblew9NlL25CGXH5hYT8COVocF0PPCDz1ksbvpuzrsN9T6G0zNjyVpbz9adKWNPukXpmO1NQANGQ1aBUnDwpq3EMlgwBIMgrIkUZRjA6eiDgqO1E7EGJ9wfcbzy8:1pKW5g:kPt9rDHnsIsa7aGWTIqZL0sjWdwuPaeJfY6dL12KivY", "expire_date": "2023-02-08T03:04:48.476"}}, {"model": "sessions.session", "pk": "jhyrjaswf3uso68n7b7zmderm6j6g6ny", "fields": {"session_data": ".eJxVjMEOwiAQRP-Fs2koUGC96Y8022UJxIYmAifjv9uaHvQ4b2beS8zYW5p75eecg7iKUVx-2YL04HIUuK4HHpBo66UN381Z1-G2Jy4tE7a8lfv5-lMlrGn3KOYgeVLSWCATAdlS0MoGCs4riiDtqC04LyHCaJy3CzrNAKgBzWTE-wO8NDvb:1pMI6r:Oq84GEtiWSsrgZKZnTJWB6Rb0gED4leHiUhRYihuuRY", "expire_date": "2023-02-13T00:33:21.817"}}, {"model": "sessions.session", "pk": "jkcegs3cjnkkdfdhahb7h2af3y355p6a", "fields": {"session_data": ".eJxVjEEOAiEQBP_C2RBYGFBv-hEyDBCIGzYROBn_Lmv2oMeu7q4Xczh6dqPFpyuBXZm07PQLPdIj1r3Bdd0xR6Jt1M6_m6Nu_DZTrL0Q9rLV-_H6U2VseXoMGCuC0JDOlNQiSPlJrESxKK9F1BSE8lIHKwG9AZVAotXy4kErgMDeH71LO3E:1pLNX3:xalvW_QVFwRfd5xM0EqxG3UymOxU0NOvHEXG_1HhNLU", "expire_date": "2023-02-10T12:08:37.208"}}, {"model": "sessions.session", "pk": "jp86a7htb80bsbmtpxhdrc36t3q2zw24", "fields": {"session_data": ".eJxVjMEOwiAQRP-Fs2koUGC96Y8022UJxIYmAifjv9uaHvQ4b2beS8zYW5p75eecg7iKUVx-2YL04HIUuK4HHpBo66UN381Z1-G2Jy4tE7a8lfv5-lMlrGn3KOYgeVLSWCATAdlS0MoGCs4riiDtqC04LyHCaJy3CzrNAKgBzWTE-wO8NDvb:1pMIAT:tSwkVt1utqwRMut3QoJAwJZQNVnw2OC6mSY9dyOGbNE", "expire_date": "2023-02-13T00:37:05.898"}}, {"model": "sessions.session", "pk": "kagf4600mxvr17ch21x0a5xm4ruy0dg6", "fields": {"session_data": ".eJxVjMEOwiAQRP-Fs2mgC9R6sz9CdhcIxIYmAifjv9uaHvQ4b2beSzjsLblew9NlL25CGXH5hYT8COVocF0PPCDz1ksbvpuzrsN9T6G0zNjyVpbz9adKWNPukXpmO1NQANGQ1aBUnDwpq3EMlgwBIMgrIkUZRjA6eiDgqO1E7EGJ9wfcbzy8:1pKWLC:ezfraM3Br-yLPyDtmXqrMS_3qfH_o_tUhzgcqn54oyw", "expire_date": "2023-02-08T03:20:50.836"}}, {"model": "sessions.session", "pk": "kf46m6etcnk6vxas75ekxeg9nllxni44", "fields": {"session_data": ".eJxVjEsOgyAQhu8y68agDhbd1YuQgRkjKcVEoZumd682btz9z-8D5P1SUrZvWcMUhK28KEQYUonxBpZKnm3ZZLWBYQCES-bIPyUdBcV4xNWJq_6bs96qx-4k5eAphyWN5-uCmmmbd44y7Nj1WotSYqSl1kwTdbpG15PiptWKnEPdMTIaFLmjOCOEtCtsavj-AJjASDQ:1pIfCV:n4Ledpmn7FG9VBWAHh30XKZ74v6Znyx8CKnyT6kUhkU", "expire_date": "2023-02-03T00:24:11.732"}}, {"model": "sessions.session", "pk": "kg9coxywcgq8qs55d77odhrp3672dljq", "fields": {"session_data": ".eJxVjEEOwiAURO_C2jQC5Rfc2YuQzwcCsaGJwMp4d6npQpczb968mMXeku01PG327Ma4ZJff0iE9QjkIbttRT0i099Km7-bEdbqPFErLhC3vZT2tv6uENY0fhcA1RIygFnKatHdRgAdOwRuu0ZB3AlC7xaCU8mqEVm7mwtBsYIjs_QH5SjyX:1pK0XX:Ye9q5CCK8ihCvaRJMsqSXqdAiy8dkXud2uEkBETHT5Q", "expire_date": "2023-02-06T17:23:27.340"}}, {"model": "sessions.session", "pk": "khb4jvy4070g1c96gprqggqg6wkv5axn", "fields": {"session_data": ".eJxVjMEOwiAQRP-Fs2mgC9R6sz9CdhcIxIYmAifjv9uaHvQ4b2beSzjsLblew9NlL25CGXH5hYT8COVocF0PPCDz1ksbvpuzrsN9T6G0zNjyVpbz9adKWNPukXpmO1NQANGQ1aBUnDwpq3EMlgwBIMgrIkUZRjA6eiDgqO1E7EGJ9wfcbzy8:1pKHRC:9MY_5GIFboW8ji0oGMeVAQoxnucEbGQAGGr2Zle7tDM", "expire_date": "2023-02-07T11:26:02.258"}}, {"model": "sessions.session", "pk": "ktlk3tlkcltttuf5ud9de4tw6z0hnqsa", "fields": {"session_data": ".eJxVjMEOwiAQRP-Fs2mgC9R6sz9CdhcIxIYmAifjv9uaHvQ4b2beSzjsLblew9NlL25CGXH5hYT8COVocF0PPCDz1ksbvpuzrsN9T6G0zNjyVpbz9adKWNPukXpmO1NQANGQ1aBUnDwpq3EMlgwBIMgrIkUZRjA6eiDgqO1E7EGJ9wfcbzy8:1pKWIu:kiNu1VxL2pU46yY9o6o8hyXNro-ncnRYO2E95xRDhrE", "expire_date": "2023-02-08T03:18:28.530"}}, {"model": "sessions.session", "pk": "kyatm5iowduq8c2zsxulok6f1r0sygje", "fields": {"session_data": ".eJxVjMEOgyAQRP-Fc2MAWaC91R8xu-saSA0mFU5N_73aeGiP82bmvdSIraaxbfIc86RuykR1-YWE_JByNLgsB-6QeW2ldt_NWW_dfU9SamaseS3D-fpTJdzS7tHAUWgyYDH4Xk8CwAgSxUJgpyNoArrO6NnOvSEki-xD8MYFH2ft1PsD6x48dA:1pLFcG:1VLoVWMLPBP4sr_8wYFNEUvQ1Wd3Ij5Q1ZP4ogQbCo8", "expire_date": "2023-02-10T03:41:28.013"}}, {"model": "sessions.session", "pk": "kyp4ggvdofwejamdjh2tl45u7v4k4yx5", "fields": {"session_data": ".eJxVjMEOwiAQRP-Fs2mgC9R6sz9CdhcIxIYmAifjv9uaHvQ4b2beSzjsLblew9NlL25CGXH5hYT8COVocF0PPCDz1ksbvpuzrsN9T6G0zNjyVpbz9adKWNPukXpmO1NQANGQ1aBUnDwpq3EMlgwBIMgrIkUZRjA6eiDgqO1E7EGJ9wfcbzy8:1pKCMe:ro76DGqwkBYnUSw3MOMdx8rFNh0HwyFMxd0C_Gr8c48", "expire_date": "2023-02-07T06:01:00.446"}}, {"model": "sessions.session", "pk": "l10kqz52orawgp9ejhaoqig85ozzdier", "fields": {"session_data": ".eJxVjMEOwiAQRP-Fs2mgC9R6sz9CdhcIxIYmAifjv9uaHvQ4b2beSzjsLblew9NlL25CGXH5hYT8COVocF0PPCDz1ksbvpuzrsN9T6G0zNjyVpbz9adKWNPukXpmO1NQANGQ1aBUnDwpq3EMlgwBIMgrIkUZRjA6eiDgqO1E7EGJ9wfcbzy8:1pKXBH:84eOuHeyMq0JAEOw1uLZxl2IqW7glXV1YWCvkU0ybgQ", "expire_date": "2023-02-08T04:14:39.402"}}, {"model": "sessions.session", "pk": "lhb6eehpttxd6d2yh131lu09fswa8q8b", "fields": {"session_data": ".eJxVjEEOAiEQBP_C2RBYGFBv-hEyDBCIGzYROBn_Lmv2oMeu7q4Xczh6dqPFpyuBXZm07PQLPdIj1r3Bdd0xR6Jt1M6_m6Nu_DZTrL0Q9rLV-_H6U2VseXoMGCuC0JDOlNQiSPlJrESxKK9F1BSE8lIHKwG9AZVAotXy4kErgMDeH71LO3E:1pLimM:R_sasVvORwVYlxlOik_i5ahTYOglvtC_VpTkVGy8ug0", "expire_date": "2023-02-11T10:49:50.661"}}, {"model": "sessions.session", "pk": "m02jkyksutzfifz86tgde4nh659vv55z", "fields": {"session_data": ".eJxVjEEOAiEQBP_C2RBYGFBv-hEyDBCIGzYROBn_Lmv2oMeu7q4Xczh6dqPFpyuBXZm07PQLPdIj1r3Bdd0xR6Jt1M6_m6Nu_DZTrL0Q9rLV-_H6U2VseXoMGCuC0JDOlNQiSPlJrESxKK9F1BSE8lIHKwG9AZVAotXy4kErgMDeH71LO3E:1pLJQK:SMU5gDXGiOHeR3ft-Ztsgv2Ivg1ejgiLPsDC85I2ZOg", "expire_date": "2023-02-10T07:45:24.821"}}, {"model": "sessions.session", "pk": "m3rxrz69oi6rmhi7cqe5d0vf9o5v489s", "fields": {"session_data": ".eJxVjMEOgyAQRP-Fc2MEXGF7a3-ErMsSTA0mFU5N_73aeGiP82bmvVSgVnNomzzDHNVVaVSXXzgRP6QcDS3LgTtiXlup3Xdz1lt325OUOjPVeS338_WnyrTl3SOYxt4biNGy1gQWJ5-S9A5AO4_GOBlkgmQR2SKRH00EGSFF8JRoUO8P3yY8og:1pKbX7:cRppcIwzlc1ajp2LCAVB9JsbUF0kweJrY4Dh6ZdR0sQ", "expire_date": "2023-02-08T08:53:29.820"}}, {"model": "sessions.session", "pk": "mbrusnavyvswmkh1j2jugv91eruu0tdt", "fields": {"session_data": ".eJxVjk0OwiAQhe_C2jRIgQF39iLNdBgCsaGJhZXx7lLThS7f35f3EjO2mua283POQdyE0uLyay5IDy5Hgut62AMSba3U4ds54324d8WlZsKatzKdqz9Uwj11jlToSYEGGdEuFrRC9h4heiWJlaEYDAcGjcYG6wxgdOzgavToRtn_vT_jQTwx:1pKtGw:XlAsexaxiVtw4qcLib1BBG1U_RlyaMcOv6ON6tP9LV8", "expire_date": "2023-02-09T03:49:58.526"}}, {"model": "sessions.session", "pk": "n4hscho3wlr3bjlit3qd2jdhwa6l071n", "fields": {"session_data": ".eJxVjEEOAiEQBP_C2RBYGFBv-hEyDBCIGzYROBn_Lmv2oMeu7q4Xczh6dqPFpyuBXZm07PQLPdIj1r3Bdd0xR6Jt1M6_m6Nu_DZTrL0Q9rLV-_H6U2VseXoMGCuC0JDOlNQiSPlJrESxKK9F1BSE8lIHKwG9AZVAotXy4kErgMDeH71LO3E:1pKZio:UP2OAz1gJysuvmBsWumCc28M4CrSRZlDLr25eQsZ_xs", "expire_date": "2023-02-08T06:57:26.408"}}, {"model": "sessions.session", "pk": "ncwm8jwx4fxw7b4ddecliwua4c7ez2ud", "fields": {"session_data": ".eJxVjMEOwiAQRP-Fs2koUGC96Y8022UJxIYmAifjv9uaHvQ4b2beS8zYW5p75eecg7iKUVx-2YL04HIUuK4HHpBo66UN381Z1-G2Jy4tE7a8lfv5-lMlrGn3KOYgeVLSWCATAdlS0MoGCs4riiDtqC04LyHCaJy3CzrNAKgBzWTE-wO8NDvb:1pKK2x:9WzZ3lhCvroPaLq7_bX4CJzxnMInMUJ7tgFymb1SQ4k", "expire_date": "2023-02-07T14:13:11.889"}}, {"model": "sessions.session", "pk": "npsqfjle78vrdrho0uxx6ivuwk4pbvu8", "fields": {"session_data": "e30:1pKVwB:OGrRBvgC7u5v280gdaEaUwvp6DeuxDaq4KSrGpE1H_E", "expire_date": "2023-02-08T02:54:59.643"}}, {"model": "sessions.session", "pk": "orp5ubgxt03kurndlrz9t7q6mdlrtlsy", "fields": {"session_data": ".eJxVjE0KwyAUhO_iuoga_9JdexF5PhWlwUDVVenda0oW7WZg5puZF3EwenajxacrgVyJIpffzAM-Yj0AbNsRU0DcR-302zlxo7fpYu0FoZe93s_V31WGlucPF8HGxRrgJmkpvbVg-cKmMh_RcGlWDtqboAEY6lVboZNRMjGmRFKRvD-hXzuW:1pKbTk:GSayjLO-1grzn6aaoKny2Zm8McEJkBaIKUNM0tSviMY", "expire_date": "2023-02-08T08:50:00.607"}}, {"model": "sessions.session", "pk": "otl90u3oztct0i7q94d0piovrmq4b982", "fields": {"session_data": ".eJxVjMEOwiAQRP-Fs2mgC9R6sz9CdhcIxIYmAifjv9uaHvQ4b2beSzjsLblew9NlL25CGXH5hYT8COVocF0PPCDz1ksbvpuzrsN9T6G0zNjyVpbz9adKWNPukXpmO1NQANGQ1aBUnDwpq3EMlgwBIMgrIkUZRjA6eiDgqO1E7EGJ9wfcbzy8:1pKWST:MRhRwv9uzE86rNC7IwGjKFynlSpmdFIgJfT-PepuPTg", "expire_date": "2023-02-08T03:28:21.855"}}, {"model": "sessions.session", "pk": "ov11aqvc3gq349vvukjm5kw0vdy7g3bw", "fields": {"session_data": ".eJxVjMEOwiAQRP-Fs2koUGC96Y8022UJxIYmAifjv9uaHvQ4b2beS8zYW5p75eecg7iKUVx-2YL04HIUuK4HHpBo66UN381Z1-G2Jy4tE7a8lfv5-lMlrGn3KOYgeVLSWCATAdlS0MoGCs4riiDtqC04LyHCaJy3CzrNAKgBzWTE-wO8NDvb:1pKJKu:V47JLNNnnKLnHY2vCcHtlca5eRYgGySiIZzz2HNCzhs", "expire_date": "2023-02-07T13:27:40.482"}}, {"model": "sessions.session", "pk": "p4gthbi88lfy4leci7n4md784cegl144", "fields": {"session_data": ".eJxVjMEOwiAQRP-Fs2mgC9R6sz9CdhcIxIYmAifjv9uaHvQ4b2beSzjsLblew9NlL25CGXH5hYT8COVocF0PPCDz1ksbvpuzrsN9T6G0zNjyVpbz9adKWNPukXpmO1NQANGQ1aBUnDwpq3EMlgwBIMgrIkUZRjA6eiDgqO1E7EGJ9wfcbzy8:1pKWoT:yKXeeaxG3f3ViMNjyAonKE2X35of2beC3iPzyXEhtF8", "expire_date": "2023-02-08T03:51:05.716"}}, {"model": "sessions.session", "pk": "qev7dqm5cpfu76cd0vc81msnlg53coh4", "fields": {"session_data": ".eJxVjMEOwiAQRP-Fs2mgC9R6sz9CdhcIxIYmAifjv9uaHvQ4b2beSzjsLblew9NlL25CGXH5hYT8COVocF0PPCDz1ksbvpuzrsN9T6G0zNjyVpbz9adKWNPukXpmO1NQANGQ1aBUnDwpq3EMlgwBIMgrIkUZRjA6eiDgqO1E7EGJ9wfcbzy8:1pKXYY:UoG-_aPHm4YMuTswvSzzq68GhWLtvSva3-s14wih92c", "expire_date": "2023-02-08T04:38:42.875"}}, {"model": "sessions.session", "pk": "r3f0hlo4nvkh52qeverv1zjt94xq117b", "fields": {"session_data": ".eJxVjMEOwiAQRP-Fs2koUGC96Y8022UJxIYmAifjv9uaHvQ4b2beS8zYW5p75eecg7iKUVx-2YL04HIUuK4HHpBo66UN381Z1-G2Jy4tE7a8lfv5-lMlrGn3KOYgeVLSWCATAdlS0MoGCs4riiDtqC04LyHCaJy3CzrNAKgBzWTE-wO8NDvb:1pLcyX:BKZjSWz9g6dtk11EPwOIMgNzfeWddSK_hzZ_iRNfpfE", "expire_date": "2023-02-11T04:38:01.016"}}, {"model": "sessions.session", "pk": "r52e0gs0sxwbmb4uvjcxbf058yyych5o", "fields": {"session_data": ".eJxVjU0OwiAQhe8ya9PQYIHpTi9ChmFMiUiTFtwY725ruunyve_9fICY51aqf8uSHkmilxelDGNpOV_AU6uTb6ssPkUYwcDJC8RPKTugnHe7O-a6f-bAa3fblJSamGqay_1onaYmWqf9AHVvDEa2jtSAQ0RtghXHFK5aeKOIlnp0aDi40CvZMloHRRIjWYHvD24_R9E:1pIfNH:bM3AOZmtvbfP0qoc9_ULXoqrRGckEaMyCWUdO6gpsc0", "expire_date": "2023-02-03T00:35:19.483"}}, {"model": "sessions.session", "pk": "s7ux78k6xtb69er82b2a7zpu3c0kbba9", "fields": {"session_data": ".eJxVjEEOAiEQBP_C2RBYGFBv-hEyDBCIGzYROBn_Lmv2oMeu7q4Xczh6dqPFpyuBXZm07PQLPdIj1r3Bdd0xR6Jt1M6_m6Nu_DZTrL0Q9rLV-_H6U2VseXoMGCuC0JDOlNQiSPlJrESxKK9F1BSE8lIHKwG9AZVAotXy4kErgMDeH71LO3E:1pKvSx:duIDy-u6gRYhSaboUR2mGbA4tWCl07mrNVKWSWTeVsg", "expire_date": "2023-02-09T06:10:31.893"}}, {"model": "sessions.session", "pk": "u8quzapw7aif9ugmtuaqsvmdldjlyjnn", "fields": {"session_data": ".eJxVjMEOgyAQRP-Fc2MAWaC91R8xu-saSA0mFU5N_73aeGiP82bmvdSIraaxbfIc86RuykR1-YWE_JByNLgsB-6QeW2ldt_NWW_dfU9SamaseS3D-fpTJdzS7tHAUWgyYDH4Xk8CwAgSxUJgpyNoArrO6NnOvSEki-xD8MYFH2ft1PsD6x48dA:1pKree:opIBKs-rNXIQdUwvluG34GWuK3i1kF4HotNIRJ79K2A", "expire_date": "2023-02-09T02:06:20.459"}}, {"model": "sessions.session", "pk": "up7wvyxuhjh4cbvmclts4bxw5k26j0c3", "fields": {"session_data": ".eJxVjMEOwiAQRP-Fs2koUGC96Y8022UJxIYmAifjv9uaHvQ4b2beS8zYW5p75eecg7iKUVx-2YL04HIUuK4HHpBo66UN381Z1-G2Jy4tE7a8lfv5-lMlrGn3KOYgeVLSWCATAdlS0MoGCs4riiDtqC04LyHCaJy3CzrNAKgBzWTE-wO8NDvb:1pIf9z:1OWHFNNg1_u6eltdralXXtRKt6dIdoih2ldfFmV7qjk", "expire_date": "2023-02-03T00:21:35.657"}}, {"model": "sessions.session", "pk": "uvpchdcg49vgajffrfivjr5qomnec88p", "fields": {"session_data": ".eJxVjMEOgyAQRP-Fc2MAWaC91R8xu-saSA0mFU5N_73aeGiP82bmvdSIraaxbfIc86RuykR1-YWE_JByNLgsB-6QeW2ldt_NWW_dfU9SamaseS3D-fpTJdzS7tHAUWgyYDH4Xk8CwAgSxUJgpyNoArrO6NnOvSEki-xD8MYFH2ft1PsD6x48dA:1pKbYG:qKOXRKIXAC3ybut8UJeP1cfeEfM1IAkBXMtrTVjPGyc", "expire_date": "2023-02-08T08:54:40.714"}}, {"model": "sessions.session", "pk": "v5o52t5obcrru4gvctzcaoksnlqhib8c", "fields": {"session_data": ".eJxVjMEOwiAQRP-Fs2mgC9R6sz9CdhcIxIYmAifjv9uaHvQ4b2beSzjsLblew9NlL25CGXH5hYT8COVocF0PPCDz1ksbvpuzrsN9T6G0zNjyVpbz9adKWNPukXpmO1NQANGQ1aBUnDwpq3EMlgwBIMgrIkUZRjA6eiDgqO1E7EGJ9wfcbzy8:1pKWQy:Zy1uTJBp66__AajbCoIUMK2Jy6XaqP1kYcD506r5iPg", "expire_date": "2023-02-08T03:26:48.033"}}, {"model": "sessions.session", "pk": "vc4svgvge3n67ey5yihtir1x5kul1b8j", "fields": {"session_data": ".eJxVjEEOAiEQBP_C2RBYGFBv-hEyDBCIGzYROBn_Lmv2oMeu7q4Xczh6dqPFpyuBXZm07PQLPdIj1r3Bdd0xR6Jt1M6_m6Nu_DZTrL0Q9rLV-_H6U2VseXoMGCuC0JDOlNQiSPlJrESxKK9F1BSE8lIHKwG9AZVAotXy4kErgMDeH71LO3E:1pLf4C:V5pc-wlhaaKUtDbBcBIIHZaNgdHiCLgDoEmw-Yl3knk", "expire_date": "2023-02-11T06:52:00.884"}}, {"model": "sessions.session", "pk": "vpsf9742ilyog16quhrfz81s6pkr8aah", "fields": {"session_data": ".eJxVjMEOwiAQRP-Fs2mgC9R6sz9CdhcIxIYmAifjv9uaHvQ4b2beSzjsLblew9NlL25CGXH5hYT8COVocF0PPCDz1ksbvpuzrsN9T6G0zNjyVpbz9adKWNPukXpmO1NQANGQ1aBUnDwpq3EMlgwBIMgrIkUZRjA6eiDgqO1E7EGJ9wfcbzy8:1pKWCV:CIrSNtbRjtnVs5o4E7CIYISZADAGjFfz_J-NfDGAlFY", "expire_date": "2023-02-08T03:11:51.531"}}, {"model": "sessions.session", "pk": "w2wxj0m1bc59487sigo4x8wydc5unvtj", "fields": {"session_data": ".eJxVjMsOwiAURP-FtSE8ysud_gi5XCAQG5oIrIz_bmu60OWcmTkv4mGO4mdPT18juRKhyOUXBsBHakcD63pgCojbbIN-N2fd6W1PqY2KMOrW7ufrT1Wgl92D0cQQWHTSsqwcy4gQtFmCjUoIaTljzkpkPCsRdZJ5MSZxp7MDI61C8v4A7-A8Wg:1pLkYb:3p-0dZ7x3jv0hLG8FtuCka1lnJDmHNbRWUB5wQM8Dd8", "expire_date": "2023-02-11T12:43:45.763"}}, {"model": "sessions.session", "pk": "xyu6t03xyqthmpfwcz2fi4xs9dblq6yq", "fields": {"session_data": ".eJxVjEEOAiEQBP_C2RBYGFBv-hEyDBCIGzYROBn_Lmv2oMeu7q4Xczh6dqPFpyuBXZm07PQLPdIj1r3Bdd0xR6Jt1M6_m6Nu_DZTrL0Q9rLV-_H6U2VseXoMGCuC0JDOlNQiSPlJrESxKK9F1BSE8lIHKwG9AZVAotXy4kErgMDeH71LO3E:1pKZaK:a_7VzvB-mRNHs22uXERuUPP0BH_61YmVSKxqJisJ4UQ", "expire_date": "2023-02-08T06:48:40.356"}}, {"model": "sessions.session", "pk": "y6ys3ahi94f895zp0fhcb35c5v5umyvl", "fields": {"session_data": ".eJxVjEEOAiEQBP_C2RBYGFBv-hEyDBCIGzYROBn_Lmv2oMeu7q4Xczh6dqPFpyuBXZm07PQLPdIj1r3Bdd0xR6Jt1M6_m6Nu_DZTrL0Q9rLV-_H6U2VseXoMGCuC0JDOlNQiSPlJrESxKK9F1BSE8lIHKwG9AZVAotXy4kErgMDeH71LO3E:1pKZJV:c9DBQEUUmT5rnN-dQfNnU3vgEXJ6oYIjzM7tCpT9Kes", "expire_date": "2023-02-08T06:31:17.540"}}, {"model": "sessions.session", "pk": "yl2eqpnvbnm71fgzb3nf4c2z6f18y1ag", "fields": {"session_data": ".eJxVjEEOAiEQBP_C2RBYGFBv-hEyDBCIGzYROBn_Lmv2oMeu7q4Xczh6dqPFpyuBXZm07PQLPdIj1r3Bdd0xR6Jt1M6_m6Nu_DZTrL0Q9rLV-_H6U2VseXoMGCuC0JDOlNQiSPlJrESxKK9F1BSE8lIHKwG9AZVAotXy4kErgMDeH71LO3E:1pKwDF:NddoA_5bsqXEkEa3ETFKLN5hEpcS0g46r6EzyBsRd30", "expire_date": "2023-02-09T06:58:21.996"}}, {"model": "sessions.session", "pk": "yrs0h68u1jm9g111ezabm9khwga0u5gq", "fields": {"session_data": ".eJxVjEEOAiEQBP_C2RBYGFBv-hEyDBCIGzYROBn_Lmv2oMeu7q4Xczh6dqPFpyuBXZm07PQLPdIj1r3Bdd0xR6Jt1M6_m6Nu_DZTrL0Q9rLV-_H6U2VseXoMGCuC0JDOlNQiSPlJrESxKK9F1BSE8lIHKwG9AZVAotXy4kErgMDeH71LO3E:1pKZYY:CSrf_of30iuSFCPTublvXKTZyk6KHlcyA2JopZLTPg8", "expire_date": "2023-02-08T06:46:50.825"}}, {"model": "sessions.session", "pk": "yykxnjfyj996z673ckmfqizh165c9mgi", "fields": {"session_data": ".eJxVjMEOgyAQRP-Fc2MAWaC91R8xu-saSA0mFU5N_73aeGiP82bmvdSIraaxbfIc86RuykR1-YWE_JByNLgsB-6QeW2ldt_NWW_dfU9SamaseS3D-fpTJdzS7tHAUWgyYDH4Xk8CwAgSxUJgpyNoArrO6NnOvSEki-xD8MYFH2ft1PsD6x48dA:1pKf4j:-M0Ir26F2MR3vxgwUx9dUtlduzJY4hTtaYt4Pur1ENU", "expire_date": "2023-02-08T12:40:25.260"}}, {"model": "sessions.session", "pk": "z1eitkrhxegsor3yxmr3e0dy3hutccfd", "fields": {"session_data": ".eJxVjEEOAiEQBP_C2RBYGFBv-hEyDBCIGzYROBn_Lmv2oMeu7q4Xczh6dqPFpyuBXZm07PQLPdIj1r3Bdd0xR6Jt1M6_m6Nu_DZTrL0Q9rLV-_H6U2VseXoMGCuC0JDOlNQiSPlJrESxKK9F1BSE8lIHKwG9AZVAotXy4kErgMDeH71LO3E:1pKZF4:ixwdRZlqN_YmRrnyEEZYyguC5_ZRITRKfY0ruSZTZK8", "expire_date": "2023-02-08T06:26:42.720"}}, {"model": "sessions.session", "pk": "z4xpo4u1csmcq2zsyedumedxw29sb6xm", "fields": {"session_data": ".eJxVjMEOwiAQRP-Fs2mgC9R6sz9CdhcIxIYmAifjv9uaHvQ4b2beSzjsLblew9NlL25CGXH5hYT8COVocF0PPCDz1ksbvpuzrsN9T6G0zNjyVpbz9adKWNPukXpmO1NQANGQ1aBUnDwpq3EMlgwBIMgrIkUZRjA6eiDgqO1E7EGJ9wfcbzy8:1pKGg1:zerjly5eymFJOxJ4xVrbGLEqmRBk-JyGAkEoIcZoams", "expire_date": "2023-02-07T10:37:17.546"}}, {"model": "sessions.session", "pk": "z8j0xe2rd459quev2srtillf2fqwvzbf", "fields": {"session_data": ".eJxVjk0OwiAQhe_C2jRIgQF39iLNdBgCsaGJhZXx7lLThS7f35f3EjO2mua283POQdyE0uLyay5IDy5Hgut62AMSba3U4ds54324d8WlZsKatzKdqz9Uwj11jlToSYEGGdEuFrRC9h4heiWJlaEYDAcGjcYG6wxgdOzgavToRtn_vT_jQTwx:1pKtFq:tO3lpxlB8nSXunISC-YnUF41kU1aXKOFf9_1eRL-h1o", "expire_date": "2023-02-09T03:48:50.083"}}, {"model": "sessions.session", "pk": "zbql7x9jci8uuycsa1h0f35bztxpgnbs", "fields": {"session_data": ".eJxVjMEOgjAQRP-lZ0PaLZttvemPkGW7hEZSEltOxn8XDAc9zpuZ9zIDb20etqrPISdzNQDm8gtHloeWo-FlOXDHIutWWvfdnHXtbnvS0rJwy2u5n68_1cx13j2YrOvJMQKkiaKNYmn0CBiURsfCwUen1vZTTAGBI0sPihBJdbKezPsDwfc76A:1pKfUF:vshAiiqj9zjAbk5LsKBH8AqVXq-6h-TPF-HrDEy0NCs", "expire_date": "2023-02-08T13:06:47.089"}}, {"model": "sessions.session", "pk": "zmb0t7kpq4bv0rr7wc0p6y30j4cgqf4h", "fields": {"session_data": ".eJxVjMEOwiAQRP-Fs2mgC9R6sz9CdhcIxIYmAifjv9uaHvQ4b2beSzjsLblew9NlL25CGXH5hYT8COVocF0PPCDz1ksbvpuzrsN9T6G0zNjyVpbz9adKWNPukXpmO1NQANGQ1aBUnDwpq3EMlgwBIMgrIkUZRjA6eiDgqO1E7EGJ9wfcbzy8:1pKVyj:wE7itYATpumIg7EKhOYZ9l_ts_j9GBxz51L6Btlgy5M", "expire_date": "2023-02-08T02:57:37.630"}}, {"model": "sessions.session", "pk": "zokn76smz76f80guq152yf4uk6t2sptb", "fields": {"session_data": ".eJxVjM0OwiAQhN-FsyGgXX686YuQZVkCsaGJhZPx3W1ND3qcb2a-lwg4eglj5WeoSVyFE6dfFpEe3PYC53nHEomW0br8bo56lbctceuVsNel3Y_Xn6rgWjYPeDbZMBhvJwVwpmSMA0ioNEay5DTHnChFxToBWQcq2-wnQOaLNlm8P8S9PPE:1pIfbo:uGTy5Kt8bGZ3WQn6EvkJyHEE7xbp4GhFnoXqRgsmhv4", "expire_date": "2023-02-03T00:50:20.196"}}, {"model": "sessions.session", "pk": "zw45jd1rj5y4dupy9x5a8kxarq6ol7p1", "fields": {"session_data": ".eJxVjMEOwiAQRP-Fs2koUGC96Y8022UJxIYmAifjv9uaHvQ4b2beS8zYW5p75eecg7iKUVx-2YL04HIUuK4HHpBo66UN381Z1-G2Jy4tE7a8lfv5-lMlrGn3KOYgeVLSWCATAdlS0MoGCs4riiDtqC04LyHCaJy3CzrNAKgBzWTE-wO8NDvb:1pLIgl:QctcIXSxJzwvPc5KN9_PAl8KSThVr0HhrqAOi_mSv_E", "expire_date": "2023-02-10T06:58:19.285"}}, {"model": "sites.site", "pk": 1, "fields": {"domain": "example.com", "name": "example.com"}}, {"model": "account.emailaddress", "pk": 4, "fields": {"user": 5, "email": "luminaries1@naver.com", "verified": false, "primary": true}}]